[
    {
        "date": 20230911,
        "travel_chain": [
            [
                113.9734640658805,
                22.59473759631544
            ],
            [
                113.9734640658805,
                22.59473759631544
            ]
        ],
        "id_chain": [
            38,
            38
        ],
        "fnid_chain": [
            23653,
            23653
        ]
    },
    {
        "date": 20230912,
        "travel_chain": [
            [
                113.9734640658805,
                22.59473759631544
            ],
            [
                113.9734640658805,
                22.59473759631544
            ]
        ],
        "id_chain": [
            38,
            38
        ],
        "fnid_chain": [
            23653,
            23653
        ]
    },
    {
        "date": 20230913,
        "travel_chain": [
            [
                113.9734640658805,
                22.59473759631544
            ]
        ],
        "id_chain": [
            38
        ],
        "fnid_chain": [
            23653
        ]
    },
    {
        "date": 20230914,
        "travel_chain": [
            [
                113.9734640658805,
                22.59473759631544
            ]
        ],
        "id_chain": [
            38
        ],
        "fnid_chain": [
            23653
        ]
    },
    {
        "date": 20230915,
        "travel_chain": [
            [
                113.9734640658805,
                22.59473759631544
            ]
        ],
        "id_chain": [
            38
        ],
        "fnid_chain": [
            23653
        ]
    },
    {
        "date": 20230916,
        "travel_chain": [
            [
                113.9734640658805,
                22.59473759631544
            ],
            [
                113.9838409423828,
                22.58583068847656
            ]
        ],
        "id_chain": [
            38,
            10
        ],
        "fnid_chain": [
            23653,
            22230
        ]
    },
    {
        "date": 20230917,
        "travel_chain": [
            [
                114.0264129638672,
                22.613296508789062
            ],
            [
                114.02091979980467,
                22.650375366210938
            ],
            [
                114.02503967285156,
                22.646255493164062
            ],
            [
                113.97422790527344,
                22.587203979492188
            ]
        ],
        "id_chain": [
            15,
            28,
            30,
            16
        ],
        "fnid_chain": [
            26531,
            32598,
            31886,
            22583
        ]
    },
    {
        "date": 20230918,
        "travel_chain": [
            [
                113.9734640658805,
                22.59473759631544
            ]
        ],
        "id_chain": [
            38
        ],
        "fnid_chain": [
            23653
        ]
    },
    {
        "date": 20230919,
        "travel_chain": [
            [
                113.9734640658805,
                22.59473759631544
            ]
        ],
        "id_chain": [
            38
        ],
        "fnid_chain": [
            23653
        ]
    },
    {
        "date": 20230920,
        "travel_chain": [
            [
                113.9734640658805,
                22.59473759631544
            ],
            [
                113.94538879394533,
                22.58995056152344
            ]
        ],
        "id_chain": [
            38,
            25
        ],
        "fnid_chain": [
            23653,
            22928
        ]
    },
    {
        "date": 20230921,
        "travel_chain": [
            [
                113.9734640658805,
                22.59473759631544
            ]
        ],
        "id_chain": [
            38
        ],
        "fnid_chain": [
            23653
        ]
    },
    {
        "date": 20230922,
        "travel_chain": [
            [
                113.9734640658805,
                22.59473759631544
            ]
        ],
        "id_chain": [
            38
        ],
        "fnid_chain": [
            23653
        ]
    },
    {
        "date": 20230923,
        "travel_chain": [
            [
                113.9734640658805,
                22.59473759631544
            ],
            [
                113.94538879394533,
                22.54600524902344
            ],
            [
                113.96461486816406,
                22.57896423339844
            ]
        ],
        "id_chain": [
            38,
            34,
            40
        ],
        "fnid_chain": [
            23653,
            15788,
            21151
        ]
    },
    {
        "date": 20230924,
        "travel_chain": [
            [
                113.97361444335368,
                22.59504620801365
            ],
            [
                113.9618682861328,
                22.54188537597656
            ],
            [
                113.97010803222656,
                22.539138793945312
            ],
            [
                113.9734640658805,
                22.59473759631544
            ]
        ],
        "id_chain": [
            4,
            18,
            6,
            38
        ],
        "fnid_chain": [
            23653,
            15081,
            14727,
            23653
        ]
    },
    {
        "date": 20230925,
        "travel_chain": [
            [
                113.9734640658805,
                22.59473759631544
            ]
        ],
        "id_chain": [
            38
        ],
        "fnid_chain": [
            23653
        ]
    },
    {
        "date": 20230926,
        "travel_chain": [
            [
                113.9734640658805,
                22.59473759631544
            ]
        ],
        "id_chain": [
            38
        ],
        "fnid_chain": [
            23653
        ]
    },
    {
        "date": 20230927,
        "travel_chain": [
            [
                113.9734640658805,
                22.59473759631544
            ]
        ],
        "id_chain": [
            38
        ],
        "fnid_chain": [
            23653
        ]
    },
    {
        "date": 20230928,
        "travel_chain": [
            [
                113.9734640658805,
                22.59473759631544
            ]
        ],
        "id_chain": [
            38
        ],
        "fnid_chain": [
            23653
        ]
    },
    {
        "date": 20230929,
        "travel_chain": [
            [
                113.9734640658805,
                22.59473759631544
            ],
            [
                113.99070739746094,
                22.58995056152344
            ],
            [
                114.0593719482422,
                22.53501892089844
            ]
        ],
        "id_chain": [
            38,
            41,
            7
        ],
        "fnid_chain": [
            23653,
            22946,
            14050
        ]
    },
    {
        "date": 20230930,
        "travel_chain": [
            [
                114.05387878417967,
                22.536392211914062
            ],
            [
                114.01405334472656,
                22.561111450195312
            ]
        ],
        "id_chain": [
            26,
            31
        ],
        "fnid_chain": [
            14404,
            18315
        ]
    },
    {
        "date": 20231001,
        "travel_chain": [
            [
                113.9735885223069,
                22.594954521626416
            ],
            [
                113.81011962890624,
                22.628402709960938
            ]
        ],
        "id_chain": [
            20,
            22
        ],
        "fnid_chain": [
            23653,
            28941
        ]
    },
    {
        "date": 20231005,
        "travel_chain": [
            [
                113.81011962890624,
                22.628402709960938
            ]
        ],
        "id_chain": [
            22
        ],
        "fnid_chain": [
            28941
        ]
    },
    {
        "date": 20231006,
        "travel_chain": [
            [
                113.9735885223069,
                22.594954521626416
            ]
        ],
        "id_chain": [
            20
        ],
        "fnid_chain": [
            23653
        ]
    },
    {
        "date": 20231007,
        "travel_chain": [
            [
                113.9735885223069,
                22.594954521626416
            ]
        ],
        "id_chain": [
            20
        ],
        "fnid_chain": [
            23653
        ]
    },
    {
        "date": 20231008,
        "travel_chain": [
            [
                113.9735885223069,
                22.594954521626416
            ],
            [
                113.9495086669922,
                22.583084106445312
            ],
            [
                113.9735885223069,
                22.594954521626416
            ]
        ],
        "id_chain": [
            20,
            5,
            20
        ],
        "fnid_chain": [
            23653,
            21859,
            23653
        ]
    },
    {
        "date": 20231009,
        "travel_chain": [
            [
                113.9735885223069,
                22.594954521626416
            ]
        ],
        "id_chain": [
            20
        ],
        "fnid_chain": [
            23653
        ]
    },
    {
        "date": 20231010,
        "travel_chain": [
            [
                113.9735885223069,
                22.594954521626416
            ]
        ],
        "id_chain": [
            20
        ],
        "fnid_chain": [
            23653
        ]
    },
    {
        "date": 20231011,
        "travel_chain": [
            [
                113.96736145019533,
                22.580337524414062
            ],
            [
                113.9735885223069,
                22.594954521626416
            ]
        ],
        "id_chain": [
            39,
            20
        ],
        "fnid_chain": [
            21152,
            23653
        ]
    },
    {
        "date": 20231012,
        "travel_chain": [
            [
                113.9735885223069,
                22.594954521626416
            ]
        ],
        "id_chain": [
            20
        ],
        "fnid_chain": [
            23653
        ]
    },
    {
        "date": 20231013,
        "travel_chain": [
            [
                113.9735885223069,
                22.594954521626416
            ]
        ],
        "id_chain": [
            20
        ],
        "fnid_chain": [
            23653
        ]
    },
    {
        "date": 20231014,
        "travel_chain": [
            [
                113.9735885223069,
                22.594954521626416
            ]
        ],
        "id_chain": [
            20
        ],
        "fnid_chain": [
            23653
        ]
    },
    {
        "date": 20231015,
        "travel_chain": [
            [
                113.94264221191406,
                22.58857727050781
            ]
        ],
        "id_chain": [
            36
        ],
        "fnid_chain": [
            22570
        ]
    },
    {
        "date": 20231016,
        "travel_chain": [
            [
                113.9735885223069,
                22.594954521626416
            ]
        ],
        "id_chain": [
            20
        ],
        "fnid_chain": [
            23653
        ]
    },
    {
        "date": 20231017,
        "travel_chain": [
            [
                113.9735885223069,
                22.594954521626416
            ]
        ],
        "id_chain": [
            20
        ],
        "fnid_chain": [
            23653
        ]
    },
    {
        "date": 20231018,
        "travel_chain": [
            [
                113.9735885223069,
                22.594954521626416
            ]
        ],
        "id_chain": [
            20
        ],
        "fnid_chain": [
            23653
        ]
    },
    {
        "date": 20231019,
        "travel_chain": [
            [
                113.9735885223069,
                22.594954521626416
            ]
        ],
        "id_chain": [
            20
        ],
        "fnid_chain": [
            23653
        ]
    },
    {
        "date": 20231020,
        "travel_chain": [
            [
                113.9735885223069,
                22.594954521626416
            ]
        ],
        "id_chain": [
            20
        ],
        "fnid_chain": [
            23653
        ]
    },
    {
        "date": 20231021,
        "travel_chain": [
            [
                113.9735885223069,
                22.594954521626416
            ]
        ],
        "id_chain": [
            20
        ],
        "fnid_chain": [
            23653
        ]
    },
    {
        "date": 20231022,
        "travel_chain": [
            [
                113.9735885223069,
                22.594954521626416
            ]
        ],
        "id_chain": [
            20
        ],
        "fnid_chain": [
            23653
        ]
    },
    {
        "date": 20231023,
        "travel_chain": [
            [
                113.9735885223069,
                22.594954521626416
            ]
        ],
        "id_chain": [
            20
        ],
        "fnid_chain": [
            23653
        ]
    },
    {
        "date": 20231024,
        "travel_chain": [
            [
                113.9735885223069,
                22.594954521626416
            ]
        ],
        "id_chain": [
            20
        ],
        "fnid_chain": [
            23653
        ]
    },
    {
        "date": 20231025,
        "travel_chain": [
            [
                113.9735885223069,
                22.594954521626416
            ]
        ],
        "id_chain": [
            20
        ],
        "fnid_chain": [
            23653
        ]
    },
    {
        "date": 20231026,
        "travel_chain": [
            [
                113.9735885223069,
                22.594954521626416
            ]
        ],
        "id_chain": [
            20
        ],
        "fnid_chain": [
            23653
        ]
    },
    {
        "date": 20231027,
        "travel_chain": [
            [
                113.9735885223069,
                22.594954521626416
            ],
            [
                113.95912170410156,
                22.58583068847656
            ],
            [
                113.9735885223069,
                22.594954521626416
            ]
        ],
        "id_chain": [
            20,
            13,
            20
        ],
        "fnid_chain": [
            23653,
            22220,
            23653
        ]
    },
    {
        "date": 20231028,
        "travel_chain": [
            [
                113.9735885223069,
                22.594954521626416
            ]
        ],
        "id_chain": [
            20
        ],
        "fnid_chain": [
            23653
        ]
    },
    {
        "date": 20231029,
        "travel_chain": [
            [
                113.9735885223069,
                22.594954521626416
            ]
        ],
        "id_chain": [
            20
        ],
        "fnid_chain": [
            23653
        ]
    },
    {
        "date": 20231030,
        "travel_chain": [
            [
                113.9735885223069,
                22.594954521626416
            ]
        ],
        "id_chain": [
            20
        ],
        "fnid_chain": [
            23653
        ]
    },
    {
        "date": 20231031,
        "travel_chain": [
            [
                113.9735885223069,
                22.594954521626416
            ]
        ],
        "id_chain": [
            20
        ],
        "fnid_chain": [
            23653
        ]
    },
    {
        "date": 20231101,
        "travel_chain": [
            [
                113.9735885223069,
                22.594954521626416
            ]
        ],
        "id_chain": [
            20
        ],
        "fnid_chain": [
            23653
        ]
    },
    {
        "date": 20231102,
        "travel_chain": [
            [
                113.9735885223069,
                22.594954521626416
            ]
        ],
        "id_chain": [
            20
        ],
        "fnid_chain": [
            23653
        ]
    },
    {
        "date": 20231103,
        "travel_chain": [
            [
                113.9735885223069,
                22.594954521626416
            ]
        ],
        "id_chain": [
            20
        ],
        "fnid_chain": [
            23653
        ]
    },
    {
        "date": 20231104,
        "travel_chain": [
            [
                113.9735885223069,
                22.594954521626416
            ]
        ],
        "id_chain": [
            20
        ],
        "fnid_chain": [
            23653
        ]
    },
    {
        "date": 20231105,
        "travel_chain": [
            [
                113.9735885223069,
                22.594954521626416
            ],
            [
                114.05250549316406,
                22.55287170410156
            ],
            [
                113.9730416480844,
                22.593973988208088
            ]
        ],
        "id_chain": [
            20,
            17,
            2
        ],
        "fnid_chain": [
            23653,
            16903,
            23653
        ]
    },
    {
        "date": 20231106,
        "travel_chain": [
            [
                113.9730416480844,
                22.593973988208088
            ],
            [
                113.94538879394533,
                22.583084106445312
            ],
            [
                113.9730416480844,
                22.593973988208088
            ]
        ],
        "id_chain": [
            2,
            35,
            2
        ],
        "fnid_chain": [
            23653,
            21857,
            23653
        ]
    },
    {
        "date": 20231107,
        "travel_chain": [
            [
                113.9730416480844,
                22.593973988208088
            ]
        ],
        "id_chain": [
            2
        ],
        "fnid_chain": [
            23653
        ]
    },
    {
        "date": 20231108,
        "travel_chain": [
            [
                113.9730416480844,
                22.593973988208088
            ]
        ],
        "id_chain": [
            2
        ],
        "fnid_chain": [
            23653
        ]
    },
    {
        "date": 20231109,
        "travel_chain": [
            [
                113.9730416480844,
                22.593973988208088
            ]
        ],
        "id_chain": [
            2
        ],
        "fnid_chain": [
            23653
        ]
    },
    {
        "date": 20231110,
        "travel_chain": [
            [
                113.9730416480844,
                22.593973988208088
            ]
        ],
        "id_chain": [
            2
        ],
        "fnid_chain": [
            23653
        ]
    },
    {
        "date": 20231111,
        "travel_chain": [
            [
                113.9730416480844,
                22.593973988208088
            ],
            [
                113.96736145019533,
                22.591323852539062
            ],
            [
                114.04747009277344,
                22.52037048339844
            ],
            [
                113.9730416480844,
                22.593973988208088
            ]
        ],
        "id_chain": [
            2,
            23,
            21,
            2
        ],
        "fnid_chain": [
            23653,
            22937,
            11546,
            23653
        ]
    },
    {
        "date": 20231112,
        "travel_chain": [
            [
                113.9730416480844,
                22.593973988208088
            ]
        ],
        "id_chain": [
            2
        ],
        "fnid_chain": [
            23653
        ]
    },
    {
        "date": 20231113,
        "travel_chain": [
            [
                113.9730416480844,
                22.593973988208088
            ],
            [
                113.9599926248129,
                22.584959767765223
            ],
            [
                113.9730416480844,
                22.593973988208088
            ]
        ],
        "id_chain": [
            2,
            11,
            2
        ],
        "fnid_chain": [
            23653,
            22220,
            23653
        ]
    },
    {
        "date": 20231114,
        "travel_chain": [
            [
                113.9730416480844,
                22.593973988208088
            ],
            [
                113.9599926248129,
                22.584959767765223
            ],
            [
                113.9730416480844,
                22.593973988208088
            ]
        ],
        "id_chain": [
            2,
            11,
            2
        ],
        "fnid_chain": [
            23653,
            22220,
            23653
        ]
    },
    {
        "date": 20231115,
        "travel_chain": [
            [
                113.9730416480844,
                22.593973988208088
            ],
            [
                113.9730416480844,
                22.593973988208088
            ],
            [
                113.9730416480844,
                22.593973988208088
            ]
        ],
        "id_chain": [
            2,
            2,
            2
        ],
        "fnid_chain": [
            23653,
            23653,
            23653
        ]
    },
    {
        "date": 20231116,
        "travel_chain": [
            [
                113.9730416480844,
                22.593973988208088
            ],
            [
                113.9730416480844,
                22.593973988208088
            ]
        ],
        "id_chain": [
            2,
            2
        ],
        "fnid_chain": [
            23653,
            23653
        ]
    },
    {
        "date": 20231117,
        "travel_chain": [
            [
                113.9730416480844,
                22.593973988208088
            ]
        ],
        "id_chain": [
            2
        ],
        "fnid_chain": [
            23653
        ]
    },
    {
        "date": 20231118,
        "travel_chain": [
            [
                113.9730416480844,
                22.593973988208088
            ]
        ],
        "id_chain": [
            2
        ],
        "fnid_chain": [
            23653
        ]
    },
    {
        "date": 20231119,
        "travel_chain": [
            [
                113.9730416480844,
                22.593973988208088
            ],
            [
                114.17884826660156,
                22.559738159179688
            ],
            [
                114.1706085205078,
                22.56385803222656
            ],
            [
                114.20631408691406,
                22.580337524414062
            ],
            [
                114.18914794921876,
                22.5933837890625
            ],
            [
                114.18914794921876,
                22.5933837890625
            ],
            [
                113.9618682861328,
                22.59681701660156
            ],
            [
                113.9730416480844,
                22.593973988208088
            ]
        ],
        "id_chain": [
            2,
            19,
            9,
            32,
            1,
            1,
            29,
            2
        ],
        "fnid_chain": [
            23653,
            18026,
            18736,
            21250,
            23385,
            23385,
            24006,
            23653
        ]
    },
    {
        "date": 20231120,
        "travel_chain": [
            [
                113.9730416480844,
                22.593973988208088
            ]
        ],
        "id_chain": [
            2
        ],
        "fnid_chain": [
            23653
        ]
    },
    {
        "date": 20231121,
        "travel_chain": [
            [
                113.9730416480844,
                22.593973988208088
            ]
        ],
        "id_chain": [
            2
        ],
        "fnid_chain": [
            23653
        ]
    },
    {
        "date": 20231122,
        "travel_chain": [
            [
                113.9730416480844,
                22.593973988208088
            ]
        ],
        "id_chain": [
            2
        ],
        "fnid_chain": [
            23653
        ]
    },
    {
        "date": 20231123,
        "travel_chain": [
            [
                113.9730416480844,
                22.593973988208088
            ],
            [
                113.9730416480844,
                22.593973988208088
            ]
        ],
        "id_chain": [
            2,
            2
        ],
        "fnid_chain": [
            23653,
            23653
        ]
    },
    {
        "date": 20231124,
        "travel_chain": [
            [
                113.9730416480844,
                22.593973988208088
            ],
            [
                114.0058135986328,
                22.550125122070312
            ],
            [
                113.9730416480844,
                22.593973988208088
            ]
        ],
        "id_chain": [
            2,
            43,
            2
        ],
        "fnid_chain": [
            23653,
            16527,
            23653
        ]
    },
    {
        "date": 20231125,
        "travel_chain": [
            [
                113.9730416480844,
                22.593973988208088
            ]
        ],
        "id_chain": [
            2
        ],
        "fnid_chain": [
            23653
        ]
    },
    {
        "date": 20231126,
        "travel_chain": [
            [
                113.9730416480844,
                22.593973988208088
            ]
        ],
        "id_chain": [
            2
        ],
        "fnid_chain": [
            23653
        ]
    },
    {
        "date": 20231127,
        "travel_chain": [
            [
                113.9730416480844,
                22.593973988208088
            ],
            [
                113.98933410644533,
                22.591323852539062
            ],
            [
                113.9730416480844,
                22.593973988208088
            ]
        ],
        "id_chain": [
            2,
            42,
            2
        ],
        "fnid_chain": [
            23653,
            22946,
            23653
        ]
    },
    {
        "date": 20231128,
        "travel_chain": [
            [
                113.9730416480844,
                22.593973988208088
            ]
        ],
        "id_chain": [
            2
        ],
        "fnid_chain": [
            23653
        ]
    },
    {
        "date": 20231129,
        "travel_chain": [
            [
                113.9730416480844,
                22.593973988208088
            ]
        ],
        "id_chain": [
            2
        ],
        "fnid_chain": [
            23653
        ]
    },
    {
        "date": 20231130,
        "travel_chain": [
            [
                113.9730416480844,
                22.593973988208088
            ]
        ],
        "id_chain": [
            2
        ],
        "fnid_chain": [
            23653
        ]
    },
    {
        "date": 20231201,
        "travel_chain": [
            [
                113.9730416480844,
                22.593973988208088
            ],
            [
                113.99208068847656,
                22.59315490722656
            ],
            [
                113.96736145019533,
                22.586105346679688
            ],
            [
                113.99208068847656,
                22.59315490722656
            ],
            [
                113.97338980743788,
                22.59442545976406
            ]
        ],
        "id_chain": [
            2,
            44,
            33,
            44,
            8
        ],
        "fnid_chain": [
            23653,
            23304,
            22223,
            23304,
            23653
        ]
    },
    {
        "date": 20231202,
        "travel_chain": [
            [
                113.97338980743788,
                22.59442545976406
            ],
            [
                113.97338980743788,
                22.59442545976406
            ],
            [
                113.97338980743788,
                22.59442545976406
            ]
        ],
        "id_chain": [
            8,
            8,
            8
        ],
        "fnid_chain": [
            23653,
            23653,
            23653
        ]
    },
    {
        "date": 20231203,
        "travel_chain": [
            [
                113.97338980743788,
                22.59442545976406
            ]
        ],
        "id_chain": [
            8
        ],
        "fnid_chain": [
            23653
        ]
    },
    {
        "date": 20231204,
        "travel_chain": [
            [
                113.97338980743788,
                22.59442545976406
            ],
            [
                113.97338980743788,
                22.59442545976406
            ]
        ],
        "id_chain": [
            8,
            8
        ],
        "fnid_chain": [
            23653,
            23653
        ]
    },
    {
        "date": 20231205,
        "travel_chain": [
            [
                113.97338980743788,
                22.59442545976406
            ]
        ],
        "id_chain": [
            8
        ],
        "fnid_chain": [
            23653
        ]
    },
    {
        "date": 20231206,
        "travel_chain": [
            [
                113.97338980743788,
                22.59442545976406
            ],
            [
                113.97338980743788,
                22.59442545976406
            ]
        ],
        "id_chain": [
            8,
            8
        ],
        "fnid_chain": [
            23653,
            23653
        ]
    },
    {
        "date": 20231207,
        "travel_chain": [
            [
                113.97338980743788,
                22.59442545976406
            ],
            [
                113.96796380565326,
                22.58202859781917
            ],
            [
                113.98109436035156,
                22.587203979492188
            ],
            [
                113.96796380565326,
                22.58202859781917
            ],
            [
                113.96736145019533,
                22.586105346679688
            ],
            [
                113.97338980743788,
                22.59442545976406
            ],
            [
                113.97338980743788,
                22.59442545976406
            ],
            [
                113.96736145019533,
                22.586105346679688
            ]
        ],
        "id_chain": [
            8,
            0,
            37,
            0,
            33,
            8,
            8,
            33
        ],
        "fnid_chain": [
            23653,
            21509,
            22586,
            21509,
            22223,
            23653,
            23653,
            22223
        ]
    },
    {
        "date": 20231208,
        "travel_chain": [
            [
                113.96796380565326,
                22.58202859781917
            ],
            [
                113.97338980743788,
                22.59442545976406
            ],
            [
                113.96796380565326,
                22.58202859781917
            ],
            [
                113.96736145019533,
                22.591323852539062
            ],
            [
                113.96736145019533,
                22.586105346679688
            ],
            [
                113.97338980743788,
                22.59442545976406
            ],
            [
                113.97338980743788,
                22.59442545976406
            ],
            [
                113.95225524902344,
                22.54600524902344
            ],
            [
                113.95912170410156,
                22.587661743164062
            ]
        ],
        "id_chain": [
            0,
            8,
            0,
            23,
            33,
            8,
            8,
            3,
            24
        ],
        "fnid_chain": [
            21509,
            23653,
            21509,
            22937,
            22223,
            23653,
            23653,
            15791,
            22577
        ]
    },
    {
        "date": 20231209,
        "travel_chain": [
            [
                113.95912170410156,
                22.587661743164062
            ],
            [
                113.97338980743788,
                22.59442545976406
            ]
        ],
        "id_chain": [
            24,
            8
        ],
        "fnid_chain": [
            22577,
            23653
        ]
    },
    {
        "date": 20231210,
        "travel_chain": [
            [
                113.97338980743788,
                22.59442545976406
            ]
        ],
        "id_chain": [
            8
        ],
        "fnid_chain": [
            23653
        ]
    },
    {
        "date": 20231211,
        "travel_chain": [
            [
                113.97338980743788,
                22.59442545976406
            ],
            [
                113.97338980743788,
                22.59442545976406
            ]
        ],
        "id_chain": [
            8,
            8
        ],
        "fnid_chain": [
            23653,
            23653
        ]
    },
    {
        "date": 20231212,
        "travel_chain": [
            [
                113.97338980743788,
                22.59442545976406
            ]
        ],
        "id_chain": [
            8
        ],
        "fnid_chain": [
            23653
        ]
    },
    {
        "date": 20231213,
        "travel_chain": [
            [
                113.97338980743788,
                22.59442545976406
            ],
            [
                113.97010803222656,
                22.595443725585938
            ],
            [
                113.97338980743788,
                22.59442545976406
            ]
        ],
        "id_chain": [
            8,
            14,
            8
        ],
        "fnid_chain": [
            23653,
            23652,
            23653
        ]
    },
    {
        "date": 20231214,
        "travel_chain": [
            [
                113.97338980743788,
                22.59442545976406
            ],
            [
                113.96796380565326,
                22.58202859781917
            ],
            [
                113.97338980743788,
                22.59442545976406
            ],
            [
                113.9165496826172,
                22.54600524902344
            ],
            [
                113.97338980743788,
                22.59442545976406
            ]
        ],
        "id_chain": [
            8,
            0,
            8,
            27,
            8
        ],
        "fnid_chain": [
            23653,
            21509,
            23653,
            15776,
            23653
        ]
    },
    {
        "date": 20231215,
        "travel_chain": [
            [
                113.97338980743788,
                22.59442545976406
            ],
            [
                114.00856018066406,
                22.547378540039062
            ],
            [
                113.97338980743788,
                22.59442545976406
            ]
        ],
        "id_chain": [
            8,
            12,
            8
        ],
        "fnid_chain": [
            23653,
            16171,
            23653
        ]
    },
    {
        "date": 20231216,
        "travel_chain": [
            [
                113.97338980743788,
                22.59442545976406
            ]
        ],
        "id_chain": [
            8
        ],
        "fnid_chain": [
            23653
        ]
    },
    {
        "date": 20231217,
        "travel_chain": [
            [
                113.97338980743788,
                22.59442545976406
            ],
            [
                113.97338980743788,
                22.59442545976406
            ]
        ],
        "id_chain": [
            8,
            8
        ],
        "fnid_chain": [
            23653,
            23653
        ]
    },
    {
        "date": 20231218,
        "travel_chain": [
            [
                113.97338980743788,
                22.59442545976406
            ],
            [
                113.97338980743788,
                22.59442545976406
            ]
        ],
        "id_chain": [
            8,
            8
        ],
        "fnid_chain": [
            23653,
            23653
        ]
    },
    {
        "date": 20231219,
        "travel_chain": [
            [
                113.97338980743788,
                22.59442545976406
            ],
            [
                113.97338980743788,
                22.59442545976406
            ]
        ],
        "id_chain": [
            8,
            8
        ],
        "fnid_chain": [
            23653,
            23653
        ]
    },
    {
        "date": 20231220,
        "travel_chain": [
            [
                113.97338980743788,
                22.59442545976406
            ]
        ],
        "id_chain": [
            8
        ],
        "fnid_chain": [
            23653
        ]
    },
    {
        "date": 20231221,
        "travel_chain": [
            [
                113.97338980743788,
                22.59442545976406
            ]
        ],
        "id_chain": [
            8
        ],
        "fnid_chain": [
            23653
        ]
    },
    {
        "date": 20231222,
        "travel_chain": [
            [
                113.97338980743788,
                22.59442545976406
            ],
            [
                113.97338980743788,
                22.59442545976406
            ],
            [
                113.96736145019533,
                22.586105346679688
            ],
            [
                113.99208068847656,
                22.59315490722656
            ],
            [
                113.97338980743788,
                22.59442545976406
            ]
        ],
        "id_chain": [
            8,
            8,
            33,
            44,
            8
        ],
        "fnid_chain": [
            23653,
            23653,
            22223,
            23304,
            23653
        ]
    },
    {
        "date": 20231223,
        "travel_chain": [
            [
                113.97338980743788,
                22.59442545976406
            ]
        ],
        "id_chain": [
            8
        ],
        "fnid_chain": [
            23653
        ]
    },
    {
        "date": 20231224,
        "travel_chain": [
            [
                113.97338980743788,
                22.59442545976406
            ]
        ],
        "id_chain": [
            8
        ],
        "fnid_chain": [
            23653
        ]
    },
    {
        "date": 20231225,
        "travel_chain": [
            [
                113.97338980743788,
                22.59442545976406
            ],
            [
                113.97338980743788,
                22.59442545976406
            ]
        ],
        "id_chain": [
            8,
            8
        ],
        "fnid_chain": [
            23653,
            23653
        ]
    },
    {
        "date": 20231226,
        "travel_chain": [
            [
                113.97338980743788,
                22.59442545976406
            ]
        ],
        "id_chain": [
            8
        ],
        "fnid_chain": [
            23653
        ]
    },
    {
        "date": 20231227,
        "travel_chain": [
            [
                113.97338980743788,
                22.59442545976406
            ]
        ],
        "id_chain": [
            8
        ],
        "fnid_chain": [
            23653
        ]
    },
    {
        "date": 20231228,
        "travel_chain": [
            [
                113.97338980743788,
                22.59442545976406
            ]
        ],
        "id_chain": [
            8
        ],
        "fnid_chain": [
            23653
        ]
    },
    {
        "date": 20231229,
        "travel_chain": [
            [
                113.97338980743788,
                22.59442545976406
            ]
        ],
        "id_chain": [
            8
        ],
        "fnid_chain": [
            23653
        ]
    },
    {
        "date": 20231230,
        "travel_chain": [
            [
                113.97338980743788,
                22.59442545976406
            ]
        ],
        "id_chain": [
            8
        ],
        "fnid_chain": [
            23653
        ]
    },
    {
        "date": 20231231,
        "travel_chain": [
            [
                113.97338980743788,
                22.59442545976406
            ],
            [
                113.95912170410156,
                22.587661743164062
            ]
        ],
        "id_chain": [
            8,
            24
        ],
        "fnid_chain": [
            23653,
            22577
        ]
    }
]