[
    {
        "date": 20230301,
        "travel_chain": [
            [
                114.14411288272524,
                22.66655227587536
            ]
        ],
        "id_chain": [
            112
        ],
        "fnid_chain": [
            35147
        ]
    },
    {
        "date": 20230302,
        "travel_chain": [
            [
                114.14411288272524,
                22.66655227587536
            ]
        ],
        "id_chain": [
            112
        ],
        "fnid_chain": [
            35147
        ]
    },
    {
        "date": 20230303,
        "travel_chain": [
            [
                114.14411288272524,
                22.66655227587536
            ],
            [
                114.1266632080078,
                22.646255493164062
            ]
        ],
        "id_chain": [
            112,
            16
        ],
        "fnid_chain": [
            35147,
            31927
        ]
    },
    {
        "date": 20230304,
        "travel_chain": [
            [
                114.12803649902344,
                22.65586853027344
            ]
        ],
        "id_chain": [
            98
        ],
        "fnid_chain": [
            33713
        ]
    },
    {
        "date": 20230305,
        "travel_chain": [
            [
                114.16236877441406,
                22.570724487304688
            ],
            [
                114.17198181152344,
                22.580337524414062
            ],
            [
                114.18228149414062,
                22.64007568359375
            ]
        ],
        "id_chain": [
            59,
            27,
            81
        ],
        "fnid_chain": [
            19804,
            21236,
            30879
        ]
    },
    {
        "date": 20230306,
        "travel_chain": [
            [
                114.14411288272524,
                22.66655227587536
            ]
        ],
        "id_chain": [
            112
        ],
        "fnid_chain": [
            35147
        ]
    },
    {
        "date": 20230307,
        "travel_chain": [
            [
                114.14411288272524,
                22.66655227587536
            ]
        ],
        "id_chain": [
            112
        ],
        "fnid_chain": [
            35147
        ]
    },
    {
        "date": 20230308,
        "travel_chain": [
            [
                114.14411288272524,
                22.66655227587536
            ]
        ],
        "id_chain": [
            112
        ],
        "fnid_chain": [
            35147
        ]
    },
    {
        "date": 20230309,
        "travel_chain": [
            [
                114.14411288272524,
                22.66655227587536
            ]
        ],
        "id_chain": [
            112
        ],
        "fnid_chain": [
            35147
        ]
    },
    {
        "date": 20230310,
        "travel_chain": [
            [
                114.14411288272524,
                22.66655227587536
            ]
        ],
        "id_chain": [
            112
        ],
        "fnid_chain": [
            35147
        ]
    },
    {
        "date": 20230311,
        "travel_chain": [
            [
                114.19807434082033,
                22.647628784179688
            ]
        ],
        "id_chain": [
            126
        ],
        "fnid_chain": [
            32313
        ]
    },
    {
        "date": 20230312,
        "travel_chain": [
            [
                114.18708801269533,
                22.647628784179688
            ]
        ],
        "id_chain": [
            1
        ],
        "fnid_chain": [
            32309
        ]
    },
    {
        "date": 20230315,
        "travel_chain": [
            [
                114.14411288272524,
                22.66655227587536
            ]
        ],
        "id_chain": [
            112
        ],
        "fnid_chain": [
            35147
        ]
    },
    {
        "date": 20230316,
        "travel_chain": [
            [
                114.16786193847656,
                22.650375366210938
            ]
        ],
        "id_chain": [
            83
        ],
        "fnid_chain": [
            32658
        ]
    },
    {
        "date": 20230317,
        "travel_chain": [
            [
                114.2461395263672,
                22.72041320800781
            ],
            [
                114.18228149414062,
                22.64007568359375
            ]
        ],
        "id_chain": [
            114,
            81
        ],
        "fnid_chain": [
            44114,
            30879
        ]
    },
    {
        "date": 20230318,
        "travel_chain": [
            [
                114.18708801269533,
                22.647628784179688
            ]
        ],
        "id_chain": [
            1
        ],
        "fnid_chain": [
            32309
        ]
    },
    {
        "date": 20230319,
        "travel_chain": [
            [
                114.18708801269533,
                22.647628784179688
            ],
            [
                114.18708801269533,
                22.647628784179688
            ]
        ],
        "id_chain": [
            1,
            1
        ],
        "fnid_chain": [
            32309,
            32309
        ]
    },
    {
        "date": 20230321,
        "travel_chain": [
            [
                114.14411288272524,
                22.66655227587536
            ]
        ],
        "id_chain": [
            112
        ],
        "fnid_chain": [
            35147
        ]
    },
    {
        "date": 20230322,
        "travel_chain": [
            [
                114.14411288272524,
                22.66655227587536
            ]
        ],
        "id_chain": [
            112
        ],
        "fnid_chain": [
            35147
        ]
    },
    {
        "date": 20230323,
        "travel_chain": [
            [
                114.14411288272524,
                22.66655227587536
            ],
            [
                114.13902282714844,
                22.668228149414062
            ]
        ],
        "id_chain": [
            112,
            95
        ],
        "fnid_chain": [
            35147,
            35502
        ]
    },
    {
        "date": 20230324,
        "travel_chain": [
            [
                114.14411288272524,
                22.66655227587536
            ]
        ],
        "id_chain": [
            112
        ],
        "fnid_chain": [
            35147
        ]
    },
    {
        "date": 20230325,
        "travel_chain": [
            [
                114.16786193847656,
                22.62290954589844
            ]
        ],
        "id_chain": [
            78
        ],
        "fnid_chain": [
            28374
        ]
    },
    {
        "date": 20230326,
        "travel_chain": [
            [
                114.18983459472656,
                22.646255493164062
            ]
        ],
        "id_chain": [
            8
        ],
        "fnid_chain": [
            31953
        ]
    },
    {
        "date": 20230327,
        "travel_chain": [
            [
                114.14411288272524,
                22.66655227587536
            ]
        ],
        "id_chain": [
            112
        ],
        "fnid_chain": [
            35147
        ]
    },
    {
        "date": 20230328,
        "travel_chain": [
            [
                114.14411288272524,
                22.66655227587536
            ]
        ],
        "id_chain": [
            112
        ],
        "fnid_chain": [
            35147
        ]
    },
    {
        "date": 20230329,
        "travel_chain": [
            [
                114.14411288272524,
                22.66655227587536
            ]
        ],
        "id_chain": [
            112
        ],
        "fnid_chain": [
            35147
        ]
    },
    {
        "date": 20230330,
        "travel_chain": [
            [
                114.14411288272524,
                22.66655227587536
            ]
        ],
        "id_chain": [
            112
        ],
        "fnid_chain": [
            35147
        ]
    },
    {
        "date": 20230331,
        "travel_chain": [
            [
                114.1376495361328,
                22.690200805664062
            ]
        ],
        "id_chain": [
            48
        ],
        "fnid_chain": [
            39072
        ]
    },
    {
        "date": 20230401,
        "travel_chain": [
            [
                114.14314270019533,
                22.613296508789062
            ],
            [
                114.13902282714844,
                22.583084106445312
            ]
        ],
        "id_chain": [
            121,
            9
        ],
        "fnid_chain": [
            26579,
            21936
        ]
    },
    {
        "date": 20230402,
        "travel_chain": [
            [
                114.18708801269533,
                22.646748294413207
            ]
        ],
        "id_chain": [
            2
        ],
        "fnid_chain": [
            31952
        ]
    },
    {
        "date": 20230403,
        "travel_chain": [
            [
                114.14353149620632,
                22.66626102930793
            ]
        ],
        "id_chain": [
            103
        ],
        "fnid_chain": [
            35147
        ]
    },
    {
        "date": 20230404,
        "travel_chain": [
            [
                114.14353149620632,
                22.66626102930793
            ]
        ],
        "id_chain": [
            103
        ],
        "fnid_chain": [
            35147
        ]
    },
    {
        "date": 20230405,
        "travel_chain": [
            [
                114.14353149620632,
                22.66626102930793
            ]
        ],
        "id_chain": [
            103
        ],
        "fnid_chain": [
            35147
        ]
    },
    {
        "date": 20230406,
        "travel_chain": [
            [
                114.14353149620632,
                22.66626102930793
            ]
        ],
        "id_chain": [
            103
        ],
        "fnid_chain": [
            35147
        ]
    },
    {
        "date": 20230407,
        "travel_chain": [
            [
                114.18983459472656,
                22.64350891113281
            ],
            [
                114.18708801269533,
                22.646748294413207
            ]
        ],
        "id_chain": [
            14,
            2
        ],
        "fnid_chain": [
            31596,
            31952
        ]
    },
    {
        "date": 20230408,
        "travel_chain": [
            [
                114.18708801269533,
                22.646748294413207
            ],
            [
                114.20494079589844,
                22.653121948242188
            ],
            [
                114.18708801269533,
                22.646748294413207
            ]
        ],
        "id_chain": [
            2,
            57,
            2
        ],
        "fnid_chain": [
            31952,
            33030,
            31952
        ]
    },
    {
        "date": 20230409,
        "travel_chain": [
            [
                114.20494079589844,
                22.653121948242188
            ],
            [
                114.17884826660156,
                22.639389038085938
            ],
            [
                114.18708801269533,
                22.646748294413207
            ],
            [
                114.18983459472656,
                22.64350891113281
            ]
        ],
        "id_chain": [
            57,
            67,
            2,
            14
        ],
        "fnid_chain": [
            33030,
            30878,
            31952,
            31596
        ]
    },
    {
        "date": 20230410,
        "travel_chain": [
            [
                114.14353149620632,
                22.66626102930793
            ]
        ],
        "id_chain": [
            103
        ],
        "fnid_chain": [
            35147
        ]
    },
    {
        "date": 20230411,
        "travel_chain": [
            [
                114.14353149620632,
                22.66626102930793
            ]
        ],
        "id_chain": [
            103
        ],
        "fnid_chain": [
            35147
        ]
    },
    {
        "date": 20230412,
        "travel_chain": [
            [
                114.14353149620632,
                22.66626102930793
            ]
        ],
        "id_chain": [
            103
        ],
        "fnid_chain": [
            35147
        ]
    },
    {
        "date": 20230413,
        "travel_chain": [
            [
                114.14353149620632,
                22.66626102930793
            ]
        ],
        "id_chain": [
            103
        ],
        "fnid_chain": [
            35147
        ]
    },
    {
        "date": 20230414,
        "travel_chain": [
            [
                114.14353149620632,
                22.66626102930793
            ],
            [
                114.12117004394533,
                22.668228149414062
            ]
        ],
        "id_chain": [
            103,
            99
        ],
        "fnid_chain": [
            35147,
            35495
        ]
    },
    {
        "date": 20230415,
        "travel_chain": [
            [
                114.18708801269533,
                22.646748294413207
            ]
        ],
        "id_chain": [
            2
        ],
        "fnid_chain": [
            31952
        ]
    },
    {
        "date": 20230416,
        "travel_chain": [
            [
                114.20494079589844,
                22.653121948242188
            ],
            [
                114.2145538330078,
                22.65449523925781
            ],
            [
                114.18708801269533,
                22.646748294413207
            ]
        ],
        "id_chain": [
            57,
            101,
            2
        ],
        "fnid_chain": [
            33030,
            33391,
            31952
        ]
    },
    {
        "date": 20230417,
        "travel_chain": [
            [
                114.14353149620632,
                22.66626102930793
            ],
            [
                114.14353149620632,
                22.66626102930793
            ]
        ],
        "id_chain": [
            103,
            103
        ],
        "fnid_chain": [
            35147,
            35147
        ]
    },
    {
        "date": 20230418,
        "travel_chain": [
            [
                114.14353149620632,
                22.66626102930793
            ],
            [
                114.14353149620632,
                22.66626102930793
            ]
        ],
        "id_chain": [
            103,
            103
        ],
        "fnid_chain": [
            35147,
            35147
        ]
    },
    {
        "date": 20230419,
        "travel_chain": [
            [
                114.13833618164062,
                22.6702880859375
            ]
        ],
        "id_chain": [
            79
        ],
        "fnid_chain": [
            35859
        ]
    },
    {
        "date": 20230422,
        "travel_chain": [
            [
                114.18571472167967,
                22.653121948242188
            ]
        ],
        "id_chain": [
            71
        ],
        "fnid_chain": [
            33022
        ]
    },
    {
        "date": 20230423,
        "travel_chain": [
            [
                114.18708801269533,
                22.646748294413207
            ]
        ],
        "id_chain": [
            2
        ],
        "fnid_chain": [
            31952
        ]
    },
    {
        "date": 20230424,
        "travel_chain": [
            [
                114.14353149620632,
                22.66626102930793
            ],
            [
                114.1266632080078,
                22.67646789550781
            ]
        ],
        "id_chain": [
            103,
            118
        ],
        "fnid_chain": [
            35147,
            36925
        ]
    },
    {
        "date": 20230425,
        "travel_chain": [
            [
                114.14353149620632,
                22.66626102930793
            ]
        ],
        "id_chain": [
            103
        ],
        "fnid_chain": [
            35147
        ]
    },
    {
        "date": 20230426,
        "travel_chain": [
            [
                114.14353149620632,
                22.66626102930793
            ]
        ],
        "id_chain": [
            103
        ],
        "fnid_chain": [
            35147
        ]
    },
    {
        "date": 20230427,
        "travel_chain": [
            [
                114.14353149620632,
                22.66626102930793
            ]
        ],
        "id_chain": [
            103
        ],
        "fnid_chain": [
            35147
        ]
    },
    {
        "date": 20230428,
        "travel_chain": [
            [
                114.13833618164062,
                22.6702880859375
            ],
            [
                114.12117004394533,
                22.668228149414062
            ]
        ],
        "id_chain": [
            79,
            99
        ],
        "fnid_chain": [
            35859,
            35495
        ]
    },
    {
        "date": 20230430,
        "travel_chain": [
            [
                114.20494079589844,
                22.653121948242188
            ]
        ],
        "id_chain": [
            57
        ],
        "fnid_chain": [
            33030
        ]
    },
    {
        "date": 20230501,
        "travel_chain": [
            [
                114.14314270019533,
                22.680587768554688
            ]
        ],
        "id_chain": [
            19
        ],
        "fnid_chain": [
            37646
        ]
    },
    {
        "date": 20230502,
        "travel_chain": [
            [
                114.14451599121094,
                22.675094604492188
            ]
        ],
        "id_chain": [
            4
        ],
        "fnid_chain": [
            36576
        ]
    },
    {
        "date": 20230503,
        "travel_chain": [
            [
                114.14451599121094,
                22.66658394300063
            ]
        ],
        "id_chain": [
            80
        ],
        "fnid_chain": [
            35148
        ]
    },
    {
        "date": 20230504,
        "travel_chain": [
            [
                114.14451599121094,
                22.66658394300063
            ]
        ],
        "id_chain": [
            80
        ],
        "fnid_chain": [
            35148
        ]
    },
    {
        "date": 20230508,
        "travel_chain": [
            [
                114.14451599121094,
                22.66658394300063
            ]
        ],
        "id_chain": [
            80
        ],
        "fnid_chain": [
            35148
        ]
    },
    {
        "date": 20230509,
        "travel_chain": [
            [
                114.14176940917967,
                22.69569396972656
            ],
            [
                114.14451599121094,
                22.66658394300063
            ]
        ],
        "id_chain": [
            50,
            80
        ],
        "fnid_chain": [
            40144,
            35148
        ]
    },
    {
        "date": 20230511,
        "travel_chain": [
            [
                114.1362762451172,
                22.67372131347656
            ]
        ],
        "id_chain": [
            127
        ],
        "fnid_chain": [
            36572
        ]
    },
    {
        "date": 20230512,
        "travel_chain": [
            [
                114.12117004394533,
                22.669601440429688
            ]
        ],
        "id_chain": [
            53
        ],
        "fnid_chain": [
            35852
        ]
    },
    {
        "date": 20230515,
        "travel_chain": [
            [
                114.14451599121094,
                22.66658394300063
            ],
            [
                114.12803649902344,
                22.67646789550781
            ]
        ],
        "id_chain": [
            80,
            22
        ],
        "fnid_chain": [
            35148,
            36926
        ]
    },
    {
        "date": 20230516,
        "travel_chain": [
            [
                114.14451599121094,
                22.66658394300063
            ]
        ],
        "id_chain": [
            80
        ],
        "fnid_chain": [
            35148
        ]
    },
    {
        "date": 20230517,
        "travel_chain": [
            [
                114.14451599121094,
                22.66658394300063
            ]
        ],
        "id_chain": [
            80
        ],
        "fnid_chain": [
            35148
        ]
    },
    {
        "date": 20230518,
        "travel_chain": [
            [
                114.26261901855467,
                22.714920043945312
            ],
            [
                114.14451599121094,
                22.66658394300063
            ]
        ],
        "id_chain": [
            11,
            80
        ],
        "fnid_chain": [
            43050,
            35148
        ]
    },
    {
        "date": 20230520,
        "travel_chain": [
            [
                114.1912078857422,
                22.64488220214844
            ],
            [
                114.1925811767578,
                22.650375366210938
            ]
        ],
        "id_chain": [
            42,
            0
        ],
        "fnid_chain": [
            31954,
            32668
        ]
    },
    {
        "date": 20230522,
        "travel_chain": [
            [
                114.14451599121094,
                22.66658394300063
            ],
            [
                114.14314270019533,
                22.66548156738281
            ]
        ],
        "id_chain": [
            80,
            90
        ],
        "fnid_chain": [
            35148,
            35147
        ]
    },
    {
        "date": 20230523,
        "travel_chain": [
            [
                114.14314270019533,
                22.66548156738281
            ]
        ],
        "id_chain": [
            90
        ],
        "fnid_chain": [
            35147
        ]
    },
    {
        "date": 20230524,
        "travel_chain": [
            [
                114.14314270019533,
                22.66548156738281
            ],
            [
                114.15412902832033,
                22.66273498535156
            ]
        ],
        "id_chain": [
            90,
            66
        ],
        "fnid_chain": [
            35147,
            34794
        ]
    },
    {
        "date": 20230530,
        "travel_chain": [
            [
                114.14451599121094,
                22.66658394300063
            ]
        ],
        "id_chain": [
            80
        ],
        "fnid_chain": [
            35148
        ]
    },
    {
        "date": 20230531,
        "travel_chain": [
            [
                114.14451599121094,
                22.66658394300063
            ]
        ],
        "id_chain": [
            80
        ],
        "fnid_chain": [
            35148
        ]
    },
    {
        "date": 20230601,
        "travel_chain": [
            [
                114.14451599121094,
                22.66658394300063
            ]
        ],
        "id_chain": [
            80
        ],
        "fnid_chain": [
            35148
        ]
    },
    {
        "date": 20230603,
        "travel_chain": [
            [
                114.15138244628906,
                22.61054992675781
            ],
            [
                114.10606384277344,
                22.54188537597656
            ],
            [
                114.12117004394533,
                22.580337524414062
            ],
            [
                114.18296813964844,
                22.639389038085938
            ]
        ],
        "id_chain": [
            111,
            125,
            39,
            6
        ],
        "fnid_chain": [
            26225,
            15140,
            21215,
            30879
        ]
    },
    {
        "date": 20230604,
        "travel_chain": [
            [
                114.20494079589844,
                22.653121948242188
            ]
        ],
        "id_chain": [
            57
        ],
        "fnid_chain": [
            33030
        ]
    },
    {
        "date": 20230605,
        "travel_chain": [
            [
                114.13902282714844,
                22.66273498535156
            ]
        ],
        "id_chain": [
            15
        ],
        "fnid_chain": [
            34788
        ]
    },
    {
        "date": 20230606,
        "travel_chain": [
            [
                114.14426004063796,
                22.666350770374702
            ]
        ],
        "id_chain": [
            76
        ],
        "fnid_chain": [
            35147
        ]
    },
    {
        "date": 20230607,
        "travel_chain": [
            [
                114.14426004063796,
                22.666350770374702
            ]
        ],
        "id_chain": [
            76
        ],
        "fnid_chain": [
            35147
        ]
    },
    {
        "date": 20230608,
        "travel_chain": [
            [
                114.14426004063796,
                22.666350770374702
            ],
            [
                114.1376495361328,
                22.69638061523437
            ],
            [
                114.14426004063796,
                22.666350770374702
            ]
        ],
        "id_chain": [
            76,
            82,
            76
        ],
        "fnid_chain": [
            35147,
            40143,
            35147
        ]
    },
    {
        "date": 20230612,
        "travel_chain": [
            [
                114.14314270019533,
                22.681961059570312
            ],
            [
                114.13215637207033,
                22.67372131347656
            ]
        ],
        "id_chain": [
            63,
            45
        ],
        "fnid_chain": [
            37646,
            36570
        ]
    },
    {
        "date": 20230613,
        "travel_chain": [
            [
                114.14426004063796,
                22.666350770374702
            ]
        ],
        "id_chain": [
            76
        ],
        "fnid_chain": [
            35147
        ]
    },
    {
        "date": 20230616,
        "travel_chain": [
            [
                114.14426004063796,
                22.666350770374702
            ],
            [
                114.22004699707033,
                22.73277282714844
            ]
        ],
        "id_chain": [
            76,
            18
        ],
        "fnid_chain": [
            35147,
            45888
        ]
    },
    {
        "date": 20230617,
        "travel_chain": [
            [
                114.20494079589844,
                22.653121948242188
            ]
        ],
        "id_chain": [
            57
        ],
        "fnid_chain": [
            33030
        ]
    },
    {
        "date": 20230618,
        "travel_chain": [
            [
                114.1925811767578,
                22.650375366210938
            ],
            [
                114.17747497558594,
                22.614669799804688
            ]
        ],
        "id_chain": [
            0,
            85
        ],
        "fnid_chain": [
            32668,
            26950
        ]
    },
    {
        "date": 20230619,
        "travel_chain": [
            [
                114.14426004063796,
                22.666350770374702
            ]
        ],
        "id_chain": [
            76
        ],
        "fnid_chain": [
            35147
        ]
    },
    {
        "date": 20230620,
        "travel_chain": [
            [
                114.1252899169922,
                22.67784118652344
            ]
        ],
        "id_chain": [
            115
        ],
        "fnid_chain": [
            36925
        ]
    },
    {
        "date": 20230621,
        "travel_chain": [
            [
                114.14426004063796,
                22.666350770374702
            ]
        ],
        "id_chain": [
            76
        ],
        "fnid_chain": [
            35147
        ]
    },
    {
        "date": 20230622,
        "travel_chain": [
            [
                114.14426004063796,
                22.666350770374702
            ]
        ],
        "id_chain": [
            76
        ],
        "fnid_chain": [
            35147
        ]
    },
    {
        "date": 20230626,
        "travel_chain": [
            [
                114.14426004063796,
                22.666350770374702
            ]
        ],
        "id_chain": [
            76
        ],
        "fnid_chain": [
            35147
        ]
    },
    {
        "date": 20230627,
        "travel_chain": [
            [
                114.1376495361328,
                22.69638061523437
            ]
        ],
        "id_chain": [
            82
        ],
        "fnid_chain": [
            40143
        ]
    },
    {
        "date": 20230628,
        "travel_chain": [
            [
                114.14426004063796,
                22.666350770374702
            ]
        ],
        "id_chain": [
            76
        ],
        "fnid_chain": [
            35147
        ]
    },
    {
        "date": 20230629,
        "travel_chain": [
            [
                114.14426004063796,
                22.666350770374702
            ]
        ],
        "id_chain": [
            76
        ],
        "fnid_chain": [
            35147
        ]
    },
    {
        "date": 20230630,
        "travel_chain": [
            [
                114.14426004063796,
                22.666350770374702
            ]
        ],
        "id_chain": [
            76
        ],
        "fnid_chain": [
            35147
        ]
    },
    {
        "date": 20230703,
        "travel_chain": [
            [
                114.1452247468764,
                22.667454075119643
            ],
            [
                114.1376495361328,
                22.670974731445312
            ]
        ],
        "id_chain": [
            93,
            109
        ],
        "fnid_chain": [
            35505,
            35859
        ]
    },
    {
        "date": 20230704,
        "travel_chain": [
            [
                114.14108276367188,
                22.68539428710937
            ]
        ],
        "id_chain": [
            58
        ],
        "fnid_chain": [
            38359
        ]
    },
    {
        "date": 20230706,
        "travel_chain": [
            [
                114.1452247468764,
                22.667454075119643
            ]
        ],
        "id_chain": [
            93
        ],
        "fnid_chain": [
            35505
        ]
    },
    {
        "date": 20230707,
        "travel_chain": [
            [
                114.18983459472656,
                22.642822265625
            ],
            [
                114.18983459472656,
                22.642822265625
            ]
        ],
        "id_chain": [
            69,
            69
        ],
        "fnid_chain": [
            31596,
            31596
        ]
    },
    {
        "date": 20230708,
        "travel_chain": [
            [
                114.27772521972656,
                22.736892700195312
            ],
            [
                114.22142028808594,
                22.73277282714844
            ],
            [
                114.20494079589844,
                22.653121948242188
            ],
            [
                114.19532775878906,
                22.65174865722656
            ]
        ],
        "id_chain": [
            102,
            72,
            57,
            119
        ],
        "fnid_chain": [
            46626,
            45889,
            33030,
            33026
        ]
    },
    {
        "date": 20230709,
        "travel_chain": [
            [
                114.18434143066406,
                22.65174865722656
            ]
        ],
        "id_chain": [
            3
        ],
        "fnid_chain": [
            33022
        ]
    },
    {
        "date": 20230710,
        "travel_chain": [
            [
                114.1452247468764,
                22.667454075119643
            ],
            [
                114.1472625732422,
                22.686080932617188
            ]
        ],
        "id_chain": [
            93,
            117
        ],
        "fnid_chain": [
            35505,
            38362
        ]
    },
    {
        "date": 20230712,
        "travel_chain": [
            [
                114.1452247468764,
                22.667454075119643
            ]
        ],
        "id_chain": [
            93
        ],
        "fnid_chain": [
            35505
        ]
    },
    {
        "date": 20230713,
        "travel_chain": [
            [
                114.1912078857422,
                22.675094604492188
            ],
            [
                114.1266632080078,
                22.67646789550781
            ]
        ],
        "id_chain": [
            54,
            118
        ],
        "fnid_chain": [
            36595,
            36925
        ]
    },
    {
        "date": 20230714,
        "travel_chain": [
            [
                114.18708801269533,
                22.647628784179688
            ]
        ],
        "id_chain": [
            1
        ],
        "fnid_chain": [
            32309
        ]
    },
    {
        "date": 20230716,
        "travel_chain": [
            [
                114.18708801269533,
                22.647628784179688
            ]
        ],
        "id_chain": [
            1
        ],
        "fnid_chain": [
            32309
        ]
    },
    {
        "date": 20230717,
        "travel_chain": [
            [
                114.15275573730467,
                22.659988403320312
            ]
        ],
        "id_chain": [
            97
        ],
        "fnid_chain": [
            34080
        ]
    },
    {
        "date": 20230718,
        "travel_chain": [
            [
                114.1472625732422,
                22.686080932617188
            ]
        ],
        "id_chain": [
            117
        ],
        "fnid_chain": [
            38362
        ]
    },
    {
        "date": 20230719,
        "travel_chain": [
            [
                114.13490295410156,
                22.67784118652344
            ]
        ],
        "id_chain": [
            17
        ],
        "fnid_chain": [
            36929
        ]
    },
    {
        "date": 20230720,
        "travel_chain": [
            [
                114.1452247468764,
                22.667454075119643
            ]
        ],
        "id_chain": [
            93
        ],
        "fnid_chain": [
            35505
        ]
    },
    {
        "date": 20230721,
        "travel_chain": [
            [
                114.07310485839844,
                22.670974731445312
            ],
            [
                114.1452247468764,
                22.667454075119643
            ]
        ],
        "id_chain": [
            89,
            93
        ],
        "fnid_chain": [
            35832,
            35505
        ]
    },
    {
        "date": 20230722,
        "travel_chain": [
            [
                114.18708801269533,
                22.647628784179688
            ]
        ],
        "id_chain": [
            1
        ],
        "fnid_chain": [
            32309
        ]
    },
    {
        "date": 20230723,
        "travel_chain": [
            [
                114.20494079589844,
                22.653121948242188
            ],
            [
                114.17884826660156,
                22.64076232910156
            ]
        ],
        "id_chain": [
            57,
            91
        ],
        "fnid_chain": [
            33030,
            31235
        ]
    },
    {
        "date": 20230724,
        "travel_chain": [
            [
                114.14314270019533,
                22.694320678710938
            ],
            [
                114.1452247468764,
                22.667454075119643
            ]
        ],
        "id_chain": [
            43,
            93
        ],
        "fnid_chain": [
            39788,
            35505
        ]
    },
    {
        "date": 20230725,
        "travel_chain": [
            [
                114.1452247468764,
                22.667454075119643
            ]
        ],
        "id_chain": [
            93
        ],
        "fnid_chain": [
            35505
        ]
    },
    {
        "date": 20230726,
        "travel_chain": [
            [
                114.1452247468764,
                22.667454075119643
            ]
        ],
        "id_chain": [
            93
        ],
        "fnid_chain": [
            35505
        ]
    },
    {
        "date": 20230727,
        "travel_chain": [
            [
                114.14314270019533,
                22.694320678710938
            ],
            [
                114.1266632080078,
                22.67646789550781
            ],
            [
                114.1472625732422,
                22.686080932617188
            ]
        ],
        "id_chain": [
            43,
            118,
            117
        ],
        "fnid_chain": [
            39788,
            36925,
            38362
        ]
    },
    {
        "date": 20230728,
        "travel_chain": [
            [
                114.1452247468764,
                22.667454075119643
            ]
        ],
        "id_chain": [
            93
        ],
        "fnid_chain": [
            35505
        ]
    },
    {
        "date": 20230729,
        "travel_chain": [
            [
                114.18708801269533,
                22.647628784179688
            ]
        ],
        "id_chain": [
            1
        ],
        "fnid_chain": [
            32309
        ]
    },
    {
        "date": 20230730,
        "travel_chain": [
            [
                114.14108276367188,
                22.68539428710937
            ],
            [
                114.23240661621094,
                22.55287170410156
            ],
            [
                114.28184509277344,
                22.74375915527344
            ]
        ],
        "id_chain": [
            58,
            44,
            116
        ],
        "fnid_chain": [
            38359,
            16976,
            47699
        ]
    },
    {
        "date": 20230731,
        "travel_chain": [
            [
                114.1452247468764,
                22.667454075119643
            ],
            [
                114.1452247468764,
                22.667454075119643
            ]
        ],
        "id_chain": [
            93,
            93
        ],
        "fnid_chain": [
            35505,
            35505
        ]
    },
    {
        "date": 20230801,
        "travel_chain": [
            [
                114.1452247468764,
                22.667454075119643
            ]
        ],
        "id_chain": [
            93
        ],
        "fnid_chain": [
            35505
        ]
    },
    {
        "date": 20230802,
        "travel_chain": [
            [
                114.1457098211293,
                22.672524039525857
            ]
        ],
        "id_chain": [
            30
        ],
        "fnid_chain": [
            36219
        ]
    },
    {
        "date": 20230803,
        "travel_chain": [
            [
                114.14176940917967,
                22.69569396972656
            ],
            [
                114.1457098211293,
                22.672524039525857
            ]
        ],
        "id_chain": [
            50,
            30
        ],
        "fnid_chain": [
            40144,
            36219
        ]
    },
    {
        "date": 20230807,
        "travel_chain": [
            [
                114.1457098211293,
                22.672524039525857
            ],
            [
                114.13352966308594,
                22.66548156738281
            ],
            [
                114.1259765625,
                22.675094604492188
            ]
        ],
        "id_chain": [
            30,
            33,
            92
        ],
        "fnid_chain": [
            36219,
            35143,
            36568
        ]
    },
    {
        "date": 20230808,
        "travel_chain": [
            [
                114.14588928222656,
                22.639389038085938
            ],
            [
                114.0813446044922,
                22.543258666992188
            ],
            [
                114.14561462402344,
                22.668502807617188
            ]
        ],
        "id_chain": [
            70,
            94,
            123
        ],
        "fnid_chain": [
            30864,
            15487,
            35505
        ]
    },
    {
        "date": 20230809,
        "travel_chain": [
            [
                114.14794921875,
                22.68745422363281
            ]
        ],
        "id_chain": [
            124
        ],
        "fnid_chain": [
            38719
        ]
    },
    {
        "date": 20230810,
        "travel_chain": [
            [
                114.14588928222656,
                22.67646789550781
            ]
        ],
        "id_chain": [
            77
        ],
        "fnid_chain": [
            36933
        ]
    },
    {
        "date": 20230814,
        "travel_chain": [
            [
                114.14176940917967,
                22.69569396972656
            ],
            [
                114.14561462402344,
                22.668502807617188
            ]
        ],
        "id_chain": [
            50,
            123
        ],
        "fnid_chain": [
            40144,
            35505
        ]
    },
    {
        "date": 20230815,
        "travel_chain": [
            [
                114.14561462402344,
                22.668502807617188
            ]
        ],
        "id_chain": [
            123
        ],
        "fnid_chain": [
            35505
        ]
    },
    {
        "date": 20230816,
        "travel_chain": [
            [
                114.1472625732422,
                22.680587768554688
            ]
        ],
        "id_chain": [
            75
        ],
        "fnid_chain": [
            37648
        ]
    },
    {
        "date": 20230817,
        "travel_chain": [
            [
                114.21180725097656,
                22.723159790039062
            ],
            [
                114.2351531982422,
                22.727279663085938
            ],
            [
                114.22004699707033,
                22.703933715820312
            ],
            [
                114.14561462402344,
                22.668502807617188
            ]
        ],
        "id_chain": [
            74,
            13,
            86,
            123
        ],
        "fnid_chain": [
            44457,
            45181,
            41247,
            35505
        ]
    },
    {
        "date": 20230819,
        "travel_chain": [
            [
                114.19395446777344,
                22.650375366210938
            ]
        ],
        "id_chain": [
            34
        ],
        "fnid_chain": [
            32669
        ]
    },
    {
        "date": 20230820,
        "travel_chain": [
            [
                114.18571472167967,
                22.64076232910156
            ]
        ],
        "id_chain": [
            28
        ],
        "fnid_chain": [
            31237
        ]
    },
    {
        "date": 20230821,
        "travel_chain": [
            [
                114.14588928222656,
                22.67646789550781
            ]
        ],
        "id_chain": [
            77
        ],
        "fnid_chain": [
            36933
        ]
    },
    {
        "date": 20230823,
        "travel_chain": [
            [
                114.1457098211293,
                22.672524039525857
            ]
        ],
        "id_chain": [
            30
        ],
        "fnid_chain": [
            36219
        ]
    },
    {
        "date": 20230824,
        "travel_chain": [
            [
                114.14561462402344,
                22.668502807617188
            ]
        ],
        "id_chain": [
            123
        ],
        "fnid_chain": [
            35505
        ]
    },
    {
        "date": 20230825,
        "travel_chain": [
            [
                114.1259765625,
                22.675094604492188
            ]
        ],
        "id_chain": [
            92
        ],
        "fnid_chain": [
            36568
        ]
    },
    {
        "date": 20230826,
        "travel_chain": [
            [
                114.12803649902344,
                22.692947387695312
            ],
            [
                114.18708801269533,
                22.647628784179688
            ]
        ],
        "id_chain": [
            49,
            1
        ],
        "fnid_chain": [
            39425,
            32309
        ]
    },
    {
        "date": 20230828,
        "travel_chain": [
            [
                114.14794921875,
                22.68745422363281
            ],
            [
                114.14561462402344,
                22.668502807617188
            ]
        ],
        "id_chain": [
            124,
            123
        ],
        "fnid_chain": [
            38719,
            35505
        ]
    },
    {
        "date": 20230829,
        "travel_chain": [
            [
                114.14794921875,
                22.68745422363281
            ]
        ],
        "id_chain": [
            124
        ],
        "fnid_chain": [
            38719
        ]
    },
    {
        "date": 20230830,
        "travel_chain": [
            [
                114.14794921875,
                22.68745422363281
            ]
        ],
        "id_chain": [
            124
        ],
        "fnid_chain": [
            38719
        ]
    },
    {
        "date": 20230831,
        "travel_chain": [
            [
                114.14794921875,
                22.68745422363281
            ],
            [
                114.14561462402344,
                22.668502807617188
            ]
        ],
        "id_chain": [
            124,
            123
        ],
        "fnid_chain": [
            38719,
            35505
        ]
    },
    {
        "date": 20230901,
        "travel_chain": [
            [
                114.14561462402344,
                22.668502807617188
            ],
            [
                114.23240661621094,
                22.55287170410156
            ]
        ],
        "id_chain": [
            123,
            44
        ],
        "fnid_chain": [
            35505,
            16976
        ]
    },
    {
        "date": 20230902,
        "travel_chain": [
            [
                114.14569169275644,
                22.669466482215668
            ]
        ],
        "id_chain": [
            129
        ],
        "fnid_chain": [
            35862
        ]
    },
    {
        "date": 20230904,
        "travel_chain": [
            [
                114.14569169275644,
                22.669466482215668
            ]
        ],
        "id_chain": [
            129
        ],
        "fnid_chain": [
            35862
        ]
    },
    {
        "date": 20230905,
        "travel_chain": [
            [
                114.14569169275644,
                22.669466482215668
            ],
            [
                114.1362762451172,
                22.672348022460938
            ]
        ],
        "id_chain": [
            129,
            25
        ],
        "fnid_chain": [
            35862,
            36215
        ]
    },
    {
        "date": 20230906,
        "travel_chain": [
            [
                114.1266632080078,
                22.67646789550781
            ],
            [
                114.14451599121094,
                22.66651153564453
            ]
        ],
        "id_chain": [
            118,
            108
        ],
        "fnid_chain": [
            36925,
            35148
        ]
    },
    {
        "date": 20230907,
        "travel_chain": [
            [
                114.14451599121094,
                22.66651153564453
            ]
        ],
        "id_chain": [
            108
        ],
        "fnid_chain": [
            35148
        ]
    },
    {
        "date": 20230908,
        "travel_chain": [
            [
                114.14451599121094,
                22.66651153564453
            ]
        ],
        "id_chain": [
            108
        ],
        "fnid_chain": [
            35148
        ]
    },
    {
        "date": 20230909,
        "travel_chain": [
            [
                114.1908565024859,
                22.65002398295465
            ]
        ],
        "id_chain": [
            12
        ],
        "fnid_chain": [
            32667
        ]
    },
    {
        "date": 20230911,
        "travel_chain": [
            [
                114.14569169275644,
                22.669466482215668
            ]
        ],
        "id_chain": [
            129
        ],
        "fnid_chain": [
            35862
        ]
    },
    {
        "date": 20230912,
        "travel_chain": [
            [
                114.14569169275644,
                22.669466482215668
            ]
        ],
        "id_chain": [
            129
        ],
        "fnid_chain": [
            35862
        ]
    },
    {
        "date": 20230913,
        "travel_chain": [
            [
                114.14569169275644,
                22.669466482215668
            ]
        ],
        "id_chain": [
            129
        ],
        "fnid_chain": [
            35862
        ]
    },
    {
        "date": 20230914,
        "travel_chain": [
            [
                114.1424560546875,
                22.69569396972656
            ],
            [
                114.14569169275644,
                22.669466482215668
            ]
        ],
        "id_chain": [
            29,
            129
        ],
        "fnid_chain": [
            40145,
            35862
        ]
    },
    {
        "date": 20230915,
        "travel_chain": [
            [
                114.14569169275644,
                22.669466482215668
            ],
            [
                114.1266632080078,
                22.67646789550781
            ]
        ],
        "id_chain": [
            129,
            118
        ],
        "fnid_chain": [
            35862,
            36925
        ]
    },
    {
        "date": 20230917,
        "travel_chain": [
            [
                114.1908565024859,
                22.65002398295465
            ]
        ],
        "id_chain": [
            12
        ],
        "fnid_chain": [
            32667
        ]
    },
    {
        "date": 20230918,
        "travel_chain": [
            [
                114.14451599121094,
                22.66651153564453
            ]
        ],
        "id_chain": [
            108
        ],
        "fnid_chain": [
            35148
        ]
    },
    {
        "date": 20230919,
        "travel_chain": [
            [
                114.15000915527344,
                22.669601440429688
            ],
            [
                114.1424560546875,
                22.69569396972656
            ],
            [
                114.14569169275644,
                22.669466482215668
            ],
            [
                114.1582489013672,
                22.664108276367188
            ]
        ],
        "id_chain": [
            120,
            29,
            129,
            32
        ],
        "fnid_chain": [
            35863,
            40145,
            35862,
            34797
        ]
    },
    {
        "date": 20230920,
        "travel_chain": [
            [
                114.14569169275644,
                22.669466482215668
            ]
        ],
        "id_chain": [
            129
        ],
        "fnid_chain": [
            35862
        ]
    },
    {
        "date": 20230921,
        "travel_chain": [
            [
                114.14569169275644,
                22.669466482215668
            ]
        ],
        "id_chain": [
            129
        ],
        "fnid_chain": [
            35862
        ]
    },
    {
        "date": 20230922,
        "travel_chain": [
            [
                114.14569169275644,
                22.669466482215668
            ],
            [
                114.12803649902344,
                22.70668029785156
            ]
        ],
        "id_chain": [
            129,
            62
        ],
        "fnid_chain": [
            35862,
            41924
        ]
    },
    {
        "date": 20230924,
        "travel_chain": [
            [
                114.18708801269533,
                22.647628784179688
            ]
        ],
        "id_chain": [
            1
        ],
        "fnid_chain": [
            32309
        ]
    },
    {
        "date": 20230925,
        "travel_chain": [
            [
                114.14451599121094,
                22.66651153564453
            ]
        ],
        "id_chain": [
            108
        ],
        "fnid_chain": [
            35148
        ]
    },
    {
        "date": 20230926,
        "travel_chain": [
            [
                114.14451599121094,
                22.66651153564453
            ]
        ],
        "id_chain": [
            108
        ],
        "fnid_chain": [
            35148
        ]
    },
    {
        "date": 20230927,
        "travel_chain": [
            [
                114.16236877441406,
                22.65449523925781
            ]
        ],
        "id_chain": [
            106
        ],
        "fnid_chain": [
            33370
        ]
    },
    {
        "date": 20230928,
        "travel_chain": [
            [
                114.14451599121094,
                22.66651153564453
            ]
        ],
        "id_chain": [
            108
        ],
        "fnid_chain": [
            35148
        ]
    },
    {
        "date": 20230929,
        "travel_chain": [
            [
                114.14451599121094,
                22.66651153564453
            ]
        ],
        "id_chain": [
            108
        ],
        "fnid_chain": [
            35148
        ]
    },
    {
        "date": 20230930,
        "travel_chain": [
            [
                114.19395446777344,
                22.649002075195312
            ]
        ],
        "id_chain": [
            10
        ],
        "fnid_chain": [
            32312
        ]
    },
    {
        "date": 20231005,
        "travel_chain": [
            [
                114.14570073971198,
                22.66813353270214
            ]
        ],
        "id_chain": [
            68
        ],
        "fnid_chain": [
            35505
        ]
    },
    {
        "date": 20231006,
        "travel_chain": [
            [
                114.14570073971198,
                22.66813353270214
            ],
            [
                114.17747497558594,
                22.657241821289062
            ]
        ],
        "id_chain": [
            68,
            110
        ],
        "fnid_chain": [
            35505,
            33733
        ]
    },
    {
        "date": 20231008,
        "travel_chain": [
            [
                114.15412902832033,
                22.617416381835938
            ],
            [
                114.0813446044922,
                22.54463195800781
            ]
        ],
        "id_chain": [
            26,
            113
        ],
        "fnid_chain": [
            27297,
            15487
        ]
    },
    {
        "date": 20231010,
        "travel_chain": [
            [
                114.0717315673828,
                22.67372131347656
            ]
        ],
        "id_chain": [
            84
        ],
        "fnid_chain": [
            36546
        ]
    },
    {
        "date": 20231011,
        "travel_chain": [
            [
                114.14570073971198,
                22.66813353270214
            ]
        ],
        "id_chain": [
            68
        ],
        "fnid_chain": [
            35505
        ]
    },
    {
        "date": 20231012,
        "travel_chain": [
            [
                114.12803649902344,
                22.714920043945312
            ],
            [
                114.14588928222656,
                22.66685485839844
            ]
        ],
        "id_chain": [
            60,
            5
        ],
        "fnid_chain": [
            42995,
            35505
        ]
    },
    {
        "date": 20231013,
        "travel_chain": [
            [
                114.14588928222656,
                22.66685485839844
            ]
        ],
        "id_chain": [
            5
        ],
        "fnid_chain": [
            35505
        ]
    },
    {
        "date": 20231014,
        "travel_chain": [
            [
                114.06486511230467,
                22.67784118652344
            ],
            [
                114.05662536621094,
                22.66685485839844
            ]
        ],
        "id_chain": [
            24,
            21
        ],
        "fnid_chain": [
            36900,
            35468
        ]
    },
    {
        "date": 20231016,
        "travel_chain": [
            [
                114.14570073971198,
                22.66813353270214
            ]
        ],
        "id_chain": [
            68
        ],
        "fnid_chain": [
            35505
        ]
    },
    {
        "date": 20231017,
        "travel_chain": [
            [
                114.14570073971198,
                22.66813353270214
            ]
        ],
        "id_chain": [
            68
        ],
        "fnid_chain": [
            35505
        ]
    },
    {
        "date": 20231018,
        "travel_chain": [
            [
                114.14570073971198,
                22.66813353270214
            ]
        ],
        "id_chain": [
            68
        ],
        "fnid_chain": [
            35505
        ]
    },
    {
        "date": 20231019,
        "travel_chain": [
            [
                114.14570073971198,
                22.66813353270214
            ],
            [
                114.1266632080078,
                22.67646789550781
            ]
        ],
        "id_chain": [
            68,
            118
        ],
        "fnid_chain": [
            35505,
            36925
        ]
    },
    {
        "date": 20231020,
        "travel_chain": [
            [
                114.12117004394533,
                22.668228149414062
            ],
            [
                114.14570073971198,
                22.66813353270214
            ]
        ],
        "id_chain": [
            99,
            68
        ],
        "fnid_chain": [
            35495,
            35505
        ]
    },
    {
        "date": 20231021,
        "travel_chain": [
            [
                114.18708801269533,
                22.647628784179688
            ]
        ],
        "id_chain": [
            1
        ],
        "fnid_chain": [
            32309
        ]
    },
    {
        "date": 20231024,
        "travel_chain": [
            [
                114.14451599121094,
                22.672348022460938
            ],
            [
                114.14570073971198,
                22.66813353270214
            ]
        ],
        "id_chain": [
            31,
            68
        ],
        "fnid_chain": [
            36219,
            35505
        ]
    },
    {
        "date": 20231025,
        "travel_chain": [
            [
                114.14176940917967,
                22.69569396972656
            ]
        ],
        "id_chain": [
            50
        ],
        "fnid_chain": [
            40144
        ]
    },
    {
        "date": 20231026,
        "travel_chain": [
            [
                114.14570073971198,
                22.66813353270214
            ]
        ],
        "id_chain": [
            68
        ],
        "fnid_chain": [
            35505
        ]
    },
    {
        "date": 20231027,
        "travel_chain": [
            [
                114.18708801269533,
                22.647628784179688
            ]
        ],
        "id_chain": [
            1
        ],
        "fnid_chain": [
            32309
        ]
    },
    {
        "date": 20231030,
        "travel_chain": [
            [
                114.14570073971198,
                22.66813353270214
            ]
        ],
        "id_chain": [
            68
        ],
        "fnid_chain": [
            35505
        ]
    },
    {
        "date": 20231031,
        "travel_chain": [
            [
                114.1033172607422,
                22.57896423339844
            ],
            [
                114.14176940917967,
                22.69569396972656
            ]
        ],
        "id_chain": [
            100,
            50
        ],
        "fnid_chain": [
            21208,
            40144
        ]
    },
    {
        "date": 20231101,
        "travel_chain": [
            [
                114.14577340815008,
                22.668110162479696
            ],
            [
                114.11842346191406,
                22.681961059570312
            ]
        ],
        "id_chain": [
            20,
            47
        ],
        "fnid_chain": [
            35505,
            37636
        ]
    },
    {
        "date": 20231103,
        "travel_chain": [
            [
                114.14577340815008,
                22.668110162479696
            ]
        ],
        "id_chain": [
            20
        ],
        "fnid_chain": [
            35505
        ]
    },
    {
        "date": 20231105,
        "travel_chain": [
            [
                114.18708801269533,
                22.647628784179688
            ]
        ],
        "id_chain": [
            1
        ],
        "fnid_chain": [
            32309
        ]
    },
    {
        "date": 20231106,
        "travel_chain": [
            [
                114.14577340815008,
                22.668110162479696
            ]
        ],
        "id_chain": [
            20
        ],
        "fnid_chain": [
            35505
        ]
    },
    {
        "date": 20231107,
        "travel_chain": [
            [
                114.1046905517578,
                22.680587768554688
            ],
            [
                114.1143035888672,
                22.686080932617188
            ]
        ],
        "id_chain": [
            88,
            105
        ],
        "fnid_chain": [
            37630,
            38348
        ]
    },
    {
        "date": 20231108,
        "travel_chain": [
            [
                114.14577340815008,
                22.668110162479696
            ]
        ],
        "id_chain": [
            20
        ],
        "fnid_chain": [
            35505
        ]
    },
    {
        "date": 20231109,
        "travel_chain": [
            [
                114.13902282714844,
                22.67646789550781
            ]
        ],
        "id_chain": [
            40
        ],
        "fnid_chain": [
            36930
        ]
    },
    {
        "date": 20231110,
        "travel_chain": [
            [
                114.1436004638672,
                22.678756713867188
            ],
            [
                113.9604949951172,
                22.692947387695312
            ]
        ],
        "id_chain": [
            128,
            56
        ],
        "fnid_chain": [
            37289,
            39356
        ]
    },
    {
        "date": 20231111,
        "travel_chain": [
            [
                114.10881042480467,
                22.614669799804688
            ]
        ],
        "id_chain": [
            41
        ],
        "fnid_chain": [
            26922
        ]
    },
    {
        "date": 20231113,
        "travel_chain": [
            [
                114.14577340815008,
                22.668110162479696
            ]
        ],
        "id_chain": [
            20
        ],
        "fnid_chain": [
            35505
        ]
    },
    {
        "date": 20231114,
        "travel_chain": [
            [
                114.1436004638672,
                22.678756713867188
            ]
        ],
        "id_chain": [
            128
        ],
        "fnid_chain": [
            37289
        ]
    },
    {
        "date": 20231115,
        "travel_chain": [
            [
                114.14577340815008,
                22.668110162479696
            ],
            [
                114.11842346191406,
                22.681961059570312
            ]
        ],
        "id_chain": [
            20,
            47
        ],
        "fnid_chain": [
            35505,
            37636
        ]
    },
    {
        "date": 20231117,
        "travel_chain": [
            [
                114.1376495361328,
                22.668228149414062
            ]
        ],
        "id_chain": [
            107
        ],
        "fnid_chain": [
            35502
        ]
    },
    {
        "date": 20231118,
        "travel_chain": [
            [
                114.20494079589844,
                22.653121948242188
            ]
        ],
        "id_chain": [
            57
        ],
        "fnid_chain": [
            33030
        ]
    },
    {
        "date": 20231120,
        "travel_chain": [
            [
                114.14577340815008,
                22.668110162479696
            ]
        ],
        "id_chain": [
            20
        ],
        "fnid_chain": [
            35505
        ]
    },
    {
        "date": 20231121,
        "travel_chain": [
            [
                114.14577340815008,
                22.668110162479696
            ]
        ],
        "id_chain": [
            20
        ],
        "fnid_chain": [
            35505
        ]
    },
    {
        "date": 20231122,
        "travel_chain": [
            [
                114.14577340815008,
                22.668110162479696
            ]
        ],
        "id_chain": [
            20
        ],
        "fnid_chain": [
            35505
        ]
    },
    {
        "date": 20231123,
        "travel_chain": [
            [
                114.14577340815008,
                22.668110162479696
            ]
        ],
        "id_chain": [
            20
        ],
        "fnid_chain": [
            35505
        ]
    },
    {
        "date": 20231124,
        "travel_chain": [
            [
                114.14577340815008,
                22.668110162479696
            ]
        ],
        "id_chain": [
            20
        ],
        "fnid_chain": [
            35505
        ]
    },
    {
        "date": 20231125,
        "travel_chain": [
            [
                114.14577340815008,
                22.668110162479696
            ]
        ],
        "id_chain": [
            20
        ],
        "fnid_chain": [
            35505
        ]
    },
    {
        "date": 20231127,
        "travel_chain": [
            [
                114.1436004638672,
                22.678756713867188
            ]
        ],
        "id_chain": [
            128
        ],
        "fnid_chain": [
            37289
        ]
    },
    {
        "date": 20231128,
        "travel_chain": [
            [
                114.14577340815008,
                22.668110162479696
            ]
        ],
        "id_chain": [
            20
        ],
        "fnid_chain": [
            35505
        ]
    },
    {
        "date": 20231201,
        "travel_chain": [
            [
                114.2145538330078,
                22.675094604492188
            ],
            [
                114.25025939941406,
                22.72041320800781
            ]
        ],
        "id_chain": [
            55,
            51
        ],
        "fnid_chain": [
            36604,
            44116
        ]
    },
    {
        "date": 20231204,
        "travel_chain": [
            [
                114.14533458907331,
                22.66860923398413
            ]
        ],
        "id_chain": [
            52
        ],
        "fnid_chain": [
            35505
        ]
    },
    {
        "date": 20231205,
        "travel_chain": [
            [
                114.14533458907331,
                22.66860923398413
            ]
        ],
        "id_chain": [
            52
        ],
        "fnid_chain": [
            35505
        ]
    },
    {
        "date": 20231206,
        "travel_chain": [
            [
                114.144125735909,
                22.69353131476537
            ],
            [
                114.14533458907331,
                22.66860923398413
            ]
        ],
        "id_chain": [
            96,
            52
        ],
        "fnid_chain": [
            39788,
            35505
        ]
    },
    {
        "date": 20231207,
        "travel_chain": [
            [
                114.14533458907331,
                22.66860923398413
            ]
        ],
        "id_chain": [
            52
        ],
        "fnid_chain": [
            35505
        ]
    },
    {
        "date": 20231208,
        "travel_chain": [
            [
                114.1266632080078,
                22.68745422363281
            ],
            [
                114.1472625732422,
                22.664108276367188
            ]
        ],
        "id_chain": [
            38,
            73
        ],
        "fnid_chain": [
            38710,
            34792
        ]
    },
    {
        "date": 20231210,
        "travel_chain": [
            [
                114.18873596191406,
                22.64570617675781
            ]
        ],
        "id_chain": [
            61
        ],
        "fnid_chain": [
            31953
        ]
    },
    {
        "date": 20231211,
        "travel_chain": [
            [
                114.14382934570312,
                22.682647705078125
            ],
            [
                114.16648864746094,
                22.639389038085938
            ],
            [
                114.12391662597656,
                22.676925659179688
            ]
        ],
        "id_chain": [
            122,
            46,
            104
        ],
        "fnid_chain": [
            38003,
            30873,
            36924
        ]
    },
    {
        "date": 20231212,
        "travel_chain": [
            [
                114.14588928222656,
                22.670974731445312
            ],
            [
                114.14533458907331,
                22.66860923398413
            ]
        ],
        "id_chain": [
            65,
            52
        ],
        "fnid_chain": [
            35862,
            35505
        ]
    },
    {
        "date": 20231213,
        "travel_chain": [
            [
                114.14382934570312,
                22.682647705078125
            ],
            [
                114.144125735909,
                22.69353131476537
            ],
            [
                114.14533458907331,
                22.66860923398413
            ]
        ],
        "id_chain": [
            122,
            96,
            52
        ],
        "fnid_chain": [
            38003,
            39788,
            35505
        ]
    },
    {
        "date": 20231214,
        "travel_chain": [
            [
                114.144125735909,
                22.69353131476537
            ],
            [
                114.14176940917967,
                22.675094604492188
            ],
            [
                114.12391662597656,
                22.676925659179688
            ]
        ],
        "id_chain": [
            96,
            37,
            104
        ],
        "fnid_chain": [
            39788,
            36574,
            36924
        ]
    },
    {
        "date": 20231215,
        "travel_chain": [
            [
                114.12391662597656,
                22.676925659179688
            ],
            [
                114.11842346191406,
                22.67646789550781
            ],
            [
                114.14533458907331,
                22.66860923398413
            ]
        ],
        "id_chain": [
            104,
            36,
            52
        ],
        "fnid_chain": [
            36924,
            36922,
            35505
        ]
    },
    {
        "date": 20231218,
        "travel_chain": [
            [
                114.14533458907331,
                22.66860923398413
            ],
            [
                114.144125735909,
                22.69353131476537
            ],
            [
                114.12391662597656,
                22.676925659179688
            ]
        ],
        "id_chain": [
            52,
            96,
            104
        ],
        "fnid_chain": [
            35505,
            39788,
            36924
        ]
    },
    {
        "date": 20231219,
        "travel_chain": [
            [
                114.14533458907331,
                22.66860923398413
            ],
            [
                114.19944763183594,
                22.664108276367188
            ]
        ],
        "id_chain": [
            52,
            64
        ],
        "fnid_chain": [
            35505,
            34813
        ]
    },
    {
        "date": 20231220,
        "travel_chain": [
            [
                114.144125735909,
                22.69353131476537
            ],
            [
                114.14314270019533,
                22.68882751464844
            ],
            [
                114.14533458907331,
                22.66860923398413
            ],
            [
                114.12391662597656,
                22.676925659179688
            ],
            [
                114.14588928222656,
                22.670974731445312
            ]
        ],
        "id_chain": [
            96,
            35,
            52,
            104,
            65
        ],
        "fnid_chain": [
            39788,
            38717,
            35505,
            36924,
            35862
        ]
    },
    {
        "date": 20231221,
        "travel_chain": [
            [
                114.144125735909,
                22.69353131476537
            ]
        ],
        "id_chain": [
            96
        ],
        "fnid_chain": [
            39788
        ]
    },
    {
        "date": 20231222,
        "travel_chain": [
            [
                114.11293029785156,
                22.679214477539062
            ],
            [
                114.14533458907331,
                22.66860923398413
            ],
            [
                114.144125735909,
                22.69353131476537
            ]
        ],
        "id_chain": [
            87,
            52,
            96
        ],
        "fnid_chain": [
            37277,
            35505,
            39788
        ]
    },
    {
        "date": 20231224,
        "travel_chain": [
            [
                114.18873596191406,
                22.64570617675781
            ],
            [
                114.18873596191406,
                22.64570617675781
            ]
        ],
        "id_chain": [
            61,
            61
        ],
        "fnid_chain": [
            31953,
            31953
        ]
    },
    {
        "date": 20231225,
        "travel_chain": [
            [
                114.14533458907331,
                22.66860923398413
            ]
        ],
        "id_chain": [
            52
        ],
        "fnid_chain": [
            35505
        ]
    },
    {
        "date": 20231227,
        "travel_chain": [
            [
                114.18983459472656,
                22.61878967285156
            ]
        ],
        "id_chain": [
            7
        ],
        "fnid_chain": [
            27669
        ]
    },
    {
        "date": 20231228,
        "travel_chain": [
            [
                114.14533458907331,
                22.66860923398413
            ]
        ],
        "id_chain": [
            52
        ],
        "fnid_chain": [
            35505
        ]
    },
    {
        "date": 20231229,
        "travel_chain": [
            [
                114.14533458907331,
                22.66860923398413
            ]
        ],
        "id_chain": [
            52
        ],
        "fnid_chain": [
            35505
        ]
    },
    {
        "date": 20231230,
        "travel_chain": [
            [
                114.18873596191406,
                22.64570617675781
            ]
        ],
        "id_chain": [
            61
        ],
        "fnid_chain": [
            31953
        ]
    },
    {
        "date": 20231231,
        "travel_chain": [
            [
                114.18873596191406,
                22.64570617675781
            ],
            [
                114.20906066894533,
                22.649002075195312
            ]
        ],
        "id_chain": [
            61,
            23
        ],
        "fnid_chain": [
            31953,
            32318
        ]
    }
]