coords,"(113.8217538301683, 22.695054564128984)","(113.83905075110482, 22.730816919442955)","(113.8459909539568, 22.689497398249955)","(113.85418693317412, 22.721476129853944)","(113.81881523600764, 22.75144080468773)","(113.83835039645068, 22.707972199031104)","(113.80358238132692, 22.739170813741627)","(113.82100038874977, 22.740267612530623)","(113.85420966157784, 22.721756320117827)","(113.8261265859758, 22.741630755564017)","(113.82097160130566, 22.739409765832928)","(113.83870410437312, 22.70824089416124)","(113.83894509218725, 22.70832643578929)","(113.8029947451216, 22.73963526627557)","(113.8255877501778, 22.740467189229683)","(114.1837141008218, 22.66024665154704)","(113.79903465356554, 22.732266721797096)","(113.82280721993736, 22.738282221397373)","(113.81863889729132, 22.73721560270781)","(113.82547043203664, 22.732072572369457)","(113.82220467282325, 22.739224404005306)","(113.851816448767, 22.72177247312277)","(113.81898810539418, 22.745659923583755)","(113.85745294867267, 22.71310471792549)","(113.83890370760425, 22.73001989242725)","(113.8838172397166, 22.662505211818544)","(113.8528141635792, 22.72113514742812)","(113.85058656048749, 22.72283290030872)","(113.79424661745055, 22.72316396036463)","(113.8524580863241, 22.73201123763933)","(113.82230477836409, 22.73771273680605)","(113.85749152080878, 22.710729530328926)","(113.8394620811632, 22.730274593961543)","(113.83320035508328, 22.710288669248776)","(114.14517823399432, 22.616764652588543)","(113.84108354467917, 22.728718442519604)","(113.84911633552213, 22.77376297981668)","(113.7996173603976, 22.69845713462011)","(113.8124756211018, 22.73911401553136)","(113.82033985085772, 22.75034048564345)","(113.84029561028052, 22.71432752106541)","(113.84947740757984, 22.718596762893288)","(113.85226804355432, 22.72204484887792)","(113.82669465097948, 22.74182474386325)","(113.85404967402069, 22.721980682017072)","(113.83768968199222, 22.70836520891622)","(113.81900272893492, 22.751327231587776)","(113.8203581120728, 22.73916049552549)","(113.84030171372964, 22.728874432606496)","(113.81579179111068, 22.721538459635905)","(113.83611068481646, 22.706393785175827)","(113.8517227144006, 22.722070198258628)","(113.80031180705096, 22.76262130078557)","(113.78336406757376, 22.73969414081475)","(114.08051194846888, 22.53316040238564)","(113.85762261990378, 22.710948677728616)","(113.8216525636664, 22.75958277862884)","(113.8237435977103, 22.740701224434723)","(113.81732938826264, 22.736630019963336)","(113.81941817365755, 22.737761119629813)","(113.81420263992884, 22.746863912810795)","(113.8411236937814, 22.72991862960373)","(113.8299294673386, 22.701542714887747)","(113.83767636678552, 22.729246298982783)","(113.83995382601772, 22.730455134940343)","(113.82319826296768, 22.73999319176838)","(113.8405404496809, 22.72906866121977)","(113.85010216984654, 22.718924927090395)","(113.79122886797629, 22.732434904147123)","(113.81639144939597, 22.76952145347482)","(113.8142912476205, 22.73297791594709)","(113.80172946787565, 22.731842459450743)","(113.80909905139586, 22.716522988011764)","(113.81990470576372, 22.740949654796253)","(113.85174112803664, 22.7221156818462)","(113.85407745160286, 22.722006394622472)","(114.12305939681768, 22.547141131075225)","(113.85831990618252, 22.72794848568245)","(113.83986511037672, 22.730093065006383)","(113.84778332221902, 22.717390210040808)","(113.80530165534152, 22.74054075708143)","(113.85687029937056, 22.728804330172714)","(113.81575315058524, 22.733103969816504)","(113.82925756712037, 22.7273109606338)","(113.85713487648223, 22.72829516006561)","(113.84253291323068, 22.71178183772002)","(113.7921152074802, 22.68317386986728)","(113.84009559121066, 22.72979014450255)","(113.83917493399537, 22.73007038142492)","(113.91943272122889, 22.54585818718256)",no action
"(113.78336406757376, 22.73969414081475)",-0.033632312,0.47720557,0.36772633,0,-0.09339383,0.5382456,-0.04095584,0.3155694,0.014261797,0.34916988,0.1601016,0.028490623,0.19870338,0.31385267,-0.49529535,0,0.014046051,0.34858793,-0.15755674,-0.29775375,-0.60716355,0.00012854114,0.19373342,-0.31200364,0.38373876,-0.20249307,0.6777028,0.21445301,-0.054978333,-0.1501688,0.45717892,-0.1460576,-0.02886638,-0.46429035,-0.047141373,-0.1495346,-0.30820066,0.25015414,0.5742832,-0.27170482,0.042998,-0.16774586,0.17326626,-0.24052894,0.4863016,0.7804708,0.030477822,-0.42544538,0.10427584,-0.7747223,0.23619694,-0.05822343,-0.036808867,-0.34282655,-0.11058639,0.064102665,-1.0238678,-0.48756334,0.03543489,-0.17995918,0.19632992,0.25292918,-0.542481,-0.12597632,0,0,-0.41335273,0.0575229,0.35456556,0.06336841,-0.008266829,-0.009163722,-0.4441918,0.24265912,0.63690364,0.1183305,-0.42872682,0.056475494,-0.21870877,-0.08263889,0.11888778,-0.2023159,0,0.24042913,0.32186425,0.14379245,0.22213538,-0.33305103,-0.15343541,0.1442561,0.122394904
"(113.79122886797629, 22.732434904147123)",-0.039250825,0.07972181,0.10995782,0,0.08613221,0.19076551,0.09507653,-0.038460262,0.22725177,0.16351005,0.1692714,-0.012171445,0.1152389,0.05949434,-0.26819044,0,0.11319551,0.08851953,0.027390279,-0.23677622,-0.23823464,0.01122177,0.29632464,-0.19525656,0.09490509,-0.16469261,0.5281518,0.016458891,-0.059345104,-0.023861004,0.2450889,-0.15247914,-0.006825026,-0.0144339055,0.06252015,-0.10728674,-0.26387015,0.047245428,0.28153998,-0.095256865,-0.012606129,-0.04698766,0.25708035,-0.18625051,0.42833108,0.21660398,-0.10723086,0.1041659,-0.19648689,-0.41918004,-0.0344458,-0.029898766,-0.11464347,-0.19065006,-0.18320136,-0.0692877,-0.5366585,-0.097027965,0.045127112,-0.12934028,0.31838888,0.24797559,-0.2622218,-0.026377052,0,0,-0.13566318,0.059091166,0.1809316,-0.082844056,0.048981816,0.0034860447,-0.059984002,0.08555607,0.28955653,0.08829233,-0.3601916,-0.07900937,-0.2827283,-0.016861646,0.08881827,-0.08641312,0,0.10375191,0.24716087,0.100201264,0.021800233,-0.36675146,-0.18303087,0.01649615,0.23166113
"(113.7921152074802, 22.68317386986728)",-0.037723515,0.22386347,0.18408588,0,-0.07567744,0.37137997,-0.005727321,0.060246967,0.0142240375,0.13141653,0.15564616,-0.036595087,0.26436687,0.13551524,-0.088705294,0,-0.45575097,0.057632454,-0.18244804,-0.27461174,-0.20131153,0.0665925,0.10235506,-0.1589209,0.26000398,-0.05814991,0.24501842,0.008358605,-0.05602146,-0.2091831,-0.028932191,-0.18118842,-0.17125368,-0.004011661,0.001328975,0.038829815,0.2103799,0.112637624,0.1870589,-0.05968946,0.078629,0.056815654,-0.120395675,-0.1909165,0.27385786,0.315301,0.25369352,-0.31432527,0.11455725,-0.29134437,0.12168601,-0.169,-0.17737491,-0.1235911,-0.06608075,0.13391876,-0.48805314,0.085837565,-0.015965592,-0.13705882,0.011772394,0.055295303,-0.38009232,-0.16749287,0,0,-0.13667181,0.093289554,0.21675026,0.20065208,-0.14035094,-0.018452123,-0.17893441,-0.056420453,0.4135243,-0.009961478,-0.15446593,-0.040853623,0.0009884536,-0.022020256,-0.18472143,-0.08611976,0,-0.20314258,-0.07575522,0.017098293,0.07650936,-0.003914356,0.17021248,0.12902793,0.17351629
"(113.79424661745055, 22.72316396036463)",-0.1174849,-0.14141291,-0.042144112,0,0.16766255,0.025834937,0.11790544,-0.23952547,0.28762865,0.060580455,0.12432498,-0.062765986,0.031611584,-0.020446591,-0.087271534,0,0.07953696,-0.064839885,0.17044964,-0.20220475,0.020956926,0.03717493,0.37984857,-0.07502273,-0.042033445,-0.08855333,0.34824556,-0.14351818,-0.058656804,0.03470549,0.06038429,-0.11131522,0.07030435,0.2866412,0.112072825,-0.06820376,-0.14896889,-0.1514136,0.08768375,-0.031744745,-0.020799994,0.15619743,0.1911058,-0.119443394,0.3431365,-0.10894034,-0.17889547,0.28537452,-0.26884887,-0.06598885,-0.09858448,-0.09439865,-0.15497799,-0.047123827,-0.24513291,-0.06908737,-0.18089584,0.1624793,0.046082973,-0.05491253,0.3005373,0.17241295,-0.09585108,0.064946115,0,0,0.0008821413,0.030837787,0.10221755,-0.068541124,0.011966027,0.023710534,0.1224827,-0.046114035,0.09803182,0.04170005,-0.2574796,-0.14289825,-0.30063772,0.050301135,0.06674111,-0.10483096,0,-0.070397764,0.19385968,0.08173499,-0.07455158,-0.27466866,-0.1538094,-0.10009879,0.21995986
"(113.79903465356554, 22.732266721797096)",-0.08484498,-0.0091712475,0.12660907,0,0.18950723,0.2403727,0.088832796,-0.08876712,0.15743122,0.13518614,0.12885764,-0.046443254,0.12277698,0.045835204,-0.14670885,0,-0.18461147,-0.051727287,-0.016606964,-0.27707994,-0.18746352,0.056332152,0.38412133,-0.1523947,0.119840726,0.029585138,0.5194392,-0.17393285,-0.040023662,-0.08477883,0.12702435,-0.31465042,0.015339348,0.15977132,0.03540653,-0.11455113,-0.15214404,-0.060590222,0.19649807,-0.10277346,0.056914434,0.16425842,0.12048462,-0.21764477,0.33148617,0.16101697,-0.060883775,0.0718479,-0.06110328,-0.31533998,0.013102571,-0.16104648,-0.11963416,-0.16818206,-0.16813019,-0.12533988,-0.40959227,0.10660223,0.11917872,-0.035536163,0.17299932,0.18633448,-0.25639933,0.05309534,0,0,-0.18076268,0.008177815,0.02729132,0.14652878,-0.21915844,-0.06459899,-0.02463058,0.09868241,0.31536713,0.061064675,-0.36971405,-0.27164826,-0.14628287,0.06890829,-0.04333073,-0.2546747,0,-0.045822985,0.17519566,0.17381218,0.07741527,-0.15950614,-0.22456223,-0.10176445,0.16437796
"(113.7996173603976, 22.69845713462011)",0.01482923,0.27010983,0.21101211,0,0.018305268,0.44960266,0.019940794,0.06957369,0.004543297,0.17237365,0.10956673,-0.02440977,0.28894195,0.17557868,-0.07680569,0,-0.37929708,0.04518903,-0.08919977,-0.39828247,-0.3359843,0.0994778,0.21009998,-0.22684151,0.26523945,-0.065242164,0.4694938,-0.026079021,-0.087063216,-0.22039196,0.12947983,-0.2280408,-0.079705864,-0.07294987,-0.07006684,-0.023148675,0.058465924,0.066730425,0.30706975,-0.095962524,0.06842598,0.05045037,-0.059136953,-0.2142294,0.35616016,0.4556338,0.13327281,-0.2667206,0.112493515,-0.46718502,0.16174124,-0.094262525,-0.11873682,-0.14064637,-0.13854629,0.016475778,-0.63461334,0.0136996005,0.09546205,-0.18879035,0.03410065,0.119497806,-0.414774,-0.07676417,0,0,-0.21815407,0.1330768,0.18012655,0.24995755,-0.14379662,-0.04357712,-0.24472845,0.021407835,0.5255262,0.058928832,-0.28775805,-0.115845054,-0.1011212,0.0404,-0.06528822,-0.15012115,0,-0.055769853,0.08052912,0.13233152,0.1255832,-0.071549065,-0.066898674,0.05796402,0.13056232
"(113.80031180705096, 22.76262130078557)",-0.17749593,-0.28098243,-0.083248265,0,0.18332474,-0.18424611,0.17866871,-0.21897343,0.45968425,0.076776646,0.19511636,-0.08708685,-0.14810652,-0.17665327,-0.087808825,0,0.10082662,-0.1440353,0.10976629,-0.28014272,0.020788155,0.052236516,0.256174,-0.1336323,-0.04893432,0.008860797,0.37559965,-0.06084106,0.043719165,0.095799714,-0.042769894,-0.13563241,-0.032912176,0.2832175,0.37556976,-0.17793335,-0.2501576,-0.3013835,-0.008920856,0.08845757,0.106331214,0.0906303,0.5402698,-0.08459135,0.13752492,-0.13861494,-0.093240164,0.6237699,-0.27174342,-0.059007693,-0.17971659,0.03124329,-0.13117695,-0.10924198,-0.34270823,-0.1893396,0.11286793,0.16232873,-0.02641245,0.106860675,0.46769255,0.31152588,0.105280444,0.12670839,0,0,0.07990756,0.013245447,-0.08313287,-0.119078234,0.06883954,0.02458398,0.2855993,0.08316655,-0.112786114,-0.096591264,-0.3895603,-0.26465183,-0.01536198,-0.1266636,0.028828328,-0.18845788,0,0.034417465,0.10203855,-0.05163376,-0.03771417,-0.2691805,-0.04336691,-0.16931228,0.30381918
"(113.80172946787565, 22.731842459450743)",-0.01842295,0.07112697,0.16163447,0,0.11430754,0.286082,0.06459671,-0.053341098,0.13716118,0.11829553,0.111568436,-0.032043662,0.17224988,0.07658348,-0.13080016,0,-0.12398098,0.035638675,-0.016127445,-0.27786306,-0.19782278,0.03482649,0.31562403,-0.1540195,0.1387098,-0.070708305,0.4826513,-0.054037444,-0.099225126,-0.07880445,0.15520889,-0.20540757,0.007737767,0.063059464,-0.015793294,-0.08264482,-0.11980346,0.06466733,0.23302187,-0.07206553,0.031562,0.030420542,0.07183242,-0.19684167,0.381487,0.22054961,-0.01025968,-0.0089108795,-0.10380636,-0.32617754,0.045483172,-0.10055186,-0.10984157,-0.1482536,-0.13193382,-0.02388424,-0.50845766,0.05155074,0.08549114,-0.12048666,0.19488136,0.16807985,-0.29112864,-0.0148533285,0,0,-0.1450805,0.02970521,0.10217752,0.0414796,-0.07441247,-0.03949143,-0.08358045,0.102070995,0.34422112,0.045340806,-0.3004697,-0.16573325,-0.19179063,0.08976942,-0.0076529663,-0.1456317,0,-0.0031777322,0.17430547,0.15718675,0.08640954,-0.18433213,-0.19821018,-0.03495676,0.1783627
"(113.8029947451216, 22.73963526627557)",-0.06189021,-0.020063639,0.12578893,0,0.22132803,0.26741624,0.06012827,-0.10074449,0.11902876,0.1013925,0.06721455,-0.06001575,0.154562,0.024979837,0.017895244,0,-0.37013376,-0.13189822,-0.0062880516,-0.35199225,-0.1661849,0.10376644,0.39315346,-0.12748219,0.111247286,0.14310801,0.4796319,-0.25678116,-0.037604697,-0.13060552,0.042407095,-0.34107482,0.0108917095,0.24804755,-0.0081112385,-0.10775258,-0.06943408,-0.12669778,0.13851967,-0.06538184,0.095586315,0.2602549,0.014011387,-0.22731662,0.2530754,0.1690078,-0.034133643,0.076982126,0.048689116,-0.21518315,0.05069659,-0.15372947,-0.09937189,-0.12240181,-0.19850402,-0.13681585,-0.30038112,0.23344126,0.15327267,-0.0068178857,0.07209809,0.13652186,-0.23068832,0.095457226,0,0,-0.18944168,0.02673441,-0.068642534,0.29070395,-0.3189737,-0.0864566,-0.0116961785,0.09585471,0.32058924,0.03965485,-0.38020384,-0.37116995,-0.019755289,0.12876748,-0.088845074,-0.3010089,0,-0.11751108,0.117459014,0.20667183,0.11992292,0.0031610355,-0.26225907,-0.15623334,0.110429585
"(113.80358238132692, 22.739170813741627)",-0.057701204,-0.0258089,0.12381809,0,0.22474928,0.26636568,0.059734017,-0.10516203,0.11918458,0.09513768,0.06390251,-0.05972908,0.15625542,0.020686515,0.02726207,0,-0.37366003,-0.13630414,-0.004519958,-0.35091305,-0.1583955,0.10379571,0.3949939,-0.12280446,0.10722305,0.14681648,0.47548172,-0.2604975,-0.03929671,-0.13072191,0.038249113,-0.34138262,0.010964945,0.25665778,-0.0119024515,-0.105872065,-0.06536117,-0.12481691,0.13334678,-0.061405968,0.09473573,0.26143467,0.0069550015,-0.22694185,0.25166517,0.16072458,-0.034589544,0.081306055,0.046405423,-0.20725898,0.048524275,-0.15323453,-0.09929748,-0.117814995,-0.19641586,-0.13698667,-0.2938149,0.243431,0.15554036,-0.007039764,0.06925732,0.13241842,-0.22743772,0.09671423,0,0,-0.18540847,0.025946109,-0.07442395,0.29045585,-0.31956398,-0.08740099,-0.0072429962,0.095425434,0.3165151,0.03928803,-0.3759688,-0.37504488,-0.018251047,0.13515751,-0.09132421,-0.29696074,0,-0.121444486,0.114353806,0.20913264,0.11923833,0.008706681,-0.26645312,-0.15849455,0.1097247
"(113.80530165534152, 22.74054075708143)",-0.051840093,-0.03694433,0.11211369,0,0.25480658,0.30919617,0.061249167,-0.092580594,0.113043986,0.07747748,0.05844757,-0.058751684,0.15659374,0.028438978,0.07174397,0,-0.43761995,-0.19306888,-0.0006206222,-0.4020499,-0.1651178,0.12998489,0.40910232,-0.12197603,0.14661361,0.19576287,0.5030893,-0.27851322,-0.024059527,-0.18258771,0.03537243,-0.38981205,0.0020139925,0.27621257,-0.016965508,-0.099849254,-0.028653737,-0.1530027,0.14305682,-0.06878884,0.12101033,0.2977293,-0.0016893856,-0.2192933,0.23988684,0.1749062,-0.019618794,0.06270103,0.101087555,-0.23617095,0.06358441,-0.17122544,-0.10383556,-0.09160289,-0.21164006,-0.18149084,-0.28337568,0.28357983,0.20068862,0.014315284,0.035822794,0.11860342,-0.21937765,0.12143883,0,0,-0.19078201,0.03276764,-0.11298425,0.35633698,-0.3586259,-0.101428285,-0.016204957,0.09757117,0.33629134,0.05229363,-0.37161815,-0.41853595,0.003977075,0.14329877,-0.1093141,-0.32871014,0,-0.13855872,0.0936389,0.22830367,0.12430996,0.055308618,-0.27842566,-0.17613164,0.094612435
"(113.80909905139586, 22.716522988011764)",-0.01491693,0.2557379,0.24126536,0,0.0076264255,0.3660195,-0.03002099,0.09303018,0.12110679,0.14382187,0.10525262,-0.011185376,0.2230629,0.16349813,-0.14073843,0,-0.20463625,0.06737453,-0.076857895,-0.35415977,-0.32125467,0.08285488,0.22829106,-0.18303686,0.23644911,-0.012974158,0.44782138,0.019044243,-0.050698392,-0.17424269,0.19073066,-0.16407977,-0.037311327,-0.046405137,-0.11303002,-0.06521435,-0.11577836,0.10747118,0.25255594,-0.12430158,0.079683214,0.025083318,0.07301469,-0.2237514,0.34351417,0.4008522,0.03222327,-0.14575705,0.147743,-0.29111034,0.089475624,-0.105102435,-0.05940274,-0.21300189,-0.14271657,0.0029569864,-0.5435977,-0.000541931,0.0423633,-0.056475572,0.13269676,0.16289407,-0.31605697,-0.09851307,0,0,-0.24173862,0.04300274,0.11071319,0.1297686,-0.13882649,-0.038855687,-0.16539147,0.15858403,0.3965602,0.04542297,-0.33891,-0.15153319,-0.028914496,0.041587025,0.020299409,-0.22913769,0,0.0011037365,0.15481499,0.15357819,0.15182784,-0.066681474,-0.17765266,0.02705173,0.13470751
"(113.8124756211018, 22.73911401553136)",-0.03161567,-0.0442636,0.10774555,0,0.25772738,0.28556466,0.034302816,-0.116286255,0.15716594,0.0368046,0.05762583,-0.043530185,0.17109767,0.00075473636,0.10716263,0,-0.42816994,-0.21847795,0.019714773,-0.406364,-0.1284748,0.14795275,0.45000568,-0.0935701,0.11095993,0.24642462,0.49270874,-0.30737972,-0.00414636,-0.18954602,0.032942556,-0.37281036,-0.0036954284,0.3502308,-0.064142525,-0.09128642,-0.053079177,-0.14367113,0.0935033,-0.054513406,0.11362147,0.31779882,0.004542757,-0.24202105,0.25005594,0.12886587,-0.06930245,0.116054624,0.13892859,-0.14097586,0.006711783,-0.1668284,-0.09484425,-0.09667545,-0.22065337,-0.20519444,-0.22873414,0.36016822,0.19873045,0.048105575,0.05206822,0.11316505,-0.19078426,0.11713827,0,0,-0.19120777,0.030077396,-0.1506317,0.34838685,-0.37866405,-0.10278247,0.03777794,0.11723348,0.28269932,0.07795806,-0.38501215,-0.45312828,0.039021745,0.17033094,-0.08826773,-0.32636726,0,-0.16233781,0.09813245,0.2543394,0.11515941,0.09212843,-0.33466628,-0.18461154,0.10492954
"(113.81420263992884, 22.746863912810795)",-0.06856984,-0.2609055,-0.04263503,0,0.2895571,0.03622954,0.11892563,-0.2655449,0.23625523,0.0010436848,0.03315842,-0.09459406,0.042130195,-0.14544934,0.217807,0,-0.31600326,-0.25787354,0.12189554,-0.3429834,0.065897726,0.10887353,0.37482998,-0.04970399,-0.056868505,0.17329592,0.33546874,-0.30751717,-0.03463567,-0.031814456,-0.13375895,-0.26038015,0.011886742,0.45914507,0.1308372,-0.10859899,-0.020490382,-0.29178447,-0.035348885,0.08729799,0.09451234,0.3022768,0.071426794,-0.14331962,0.12748095,-0.1142799,-0.06751206,0.4103136,-0.11690143,0.023092192,-0.04721906,-0.052324984,-0.119068414,0.0140011925,-0.2871081,-0.16284236,0.07184326,0.4124098,0.12914167,0.029503398,0.14067043,0.12230195,-0.013904467,0.18700075,0,0,0.006290078,0.043738917,-0.18104517,0.20672852,-0.19868886,-0.048933282,0.19569212,0.013292216,0.07281743,-0.044667006,-0.32507986,-0.41928577,0.022394016,0.1325948,-0.09593305,-0.2066234,0,-0.16453533,0.036207337,0.12501216,0.035819575,0.02535937,-0.21562836,-0.24241237,0.14915185
"(113.8142912476205, 22.73297791594709)",0.020942036,0.058052987,0.10946406,0,0.17757855,0.34579673,0.06277183,-0.066819616,0.07196189,0.089800514,0.053523093,-0.05746938,0.2373774,0.02382218,0.16801032,0,-0.52430856,-0.15916961,-0.003895186,-0.48407954,-0.21046913,0.15376589,0.3063728,-0.171289,0.15482233,0.12039056,0.47067267,-0.20701402,-0.06080804,-0.21081921,-0.014154743,-0.31489313,-0.07346001,0.19617397,-0.0049012303,-0.060586568,0.0834579,-0.13063115,0.16734445,0.008577276,0.116308734,0.21443856,-0.058746543,-0.21204877,0.23965026,0.28332943,0.08102651,0.009949386,0.10364039,-0.3040385,0.10223755,-0.054430593,-0.11947629,-0.049950987,-0.24344517,-0.11364001,-0.33179373,0.26615393,0.17225952,-0.10074343,0.013772681,0.10764173,-0.2656831,0.07779351,0,0,-0.14649507,0.14254037,-0.04123006,0.37463537,-0.24635857,-0.07454026,-0.0729285,0.021516018,0.39617196,0.03519143,-0.35303253,-0.34339535,0.03296815,0.11584425,-0.12196437,-0.20408913,0,-0.13439316,0.021260355,0.1689693,0.12291965,0.06852687,-0.17548643,-0.10080331,0.117096215
"(113.81575315058524, 22.733103969816504)",0,0,0,0,0,0,0,0,0,0,0,0,0,0,0,0,0,0,0,0,0,0,0,0,0,0,0,0,0,0,0,0,0,0,0,0,0,0,0,0,0,0,0,0,0,0,0,0,0,0,0,0,0,0,0,0,0,0,0,0,0,0,0,0,0,0,0,0,0,0,0,0,0,0,0,0,0,0,0,0,0,0,0,0,0,0,0,0,0,0,0
"(113.81579179111068, 22.721538459635905)",-0.08741346,0.05726239,0.0915009,0,0.12959512,0.23934491,0.03517519,-0.12916064,0.14272115,0.08833318,0.07508983,-0.07529103,0.20100304,0.08268646,0.042706914,0,-0.3379261,-0.11321463,0.048769906,-0.36257067,-0.14726084,0.12446138,0.34608462,-0.11987431,0.098254934,0.057152666,0.34624538,-0.21574122,-0.061136343,-0.13700798,0.0028696358,-0.2160352,0.019822452,0.26655358,-0.045455605,-0.03129826,0.014266714,-0.13534723,0.09798083,-0.068462566,0.06753716,0.27410048,-0.019890781,-0.2042625,0.29187155,0.13214011,-0.0361173,0.019980356,0.06497021,-0.0576866,0.033946253,-0.17085922,-0.12905118,-0.0905149,-0.23041342,-0.039588448,-0.26227793,0.25911054,0.08036719,-0.032107346,0.08231495,0.11015038,-0.22031073,0.016314745,0,0,-0.13985837,0.06555119,0.04513728,0.24270198,-0.24944177,-0.040428475,-0.0067688115,-0.01669655,0.30520502,0.041875258,-0.31220028,-0.26298556,-0.06558187,0.11034624,-0.04384233,-0.26119396,0,-0.19125077,0.10426155,0.15269363,0.05354525,0.0024243817,-0.16265363,-0.09287259,0.12806252
"(113.81639144939597, 22.76952145347482)",0.02516606,-0.08926192,0.05311761,0,0.20608313,0.12348311,0.17048413,-0.073955275,0.23548496,0.12516254,0.13226111,-0.04502625,0.072294585,-0.13599727,0.023355924,0,-0.2110756,-0.11062883,-0.014435224,-0.41962534,-0.2012896,0.07916497,0.21926594,-0.23248863,0.06771417,0.026178598,0.570015,-0.06834445,-0.023464315,-0.056089252,0.036869593,-0.2909159,-0.12970623,0.09126341,0.23072442,-0.17358746,-0.15076534,-0.14034842,0.17957935,0.09958993,0.1140458,-0.006318666,0.29675564,-0.17340654,0.18886381,0.21696399,0.054111347,0.3661151,-0.15732524,-0.47643125,-0.019799775,0.12960157,-0.10174233,-0.11756177,-0.27555072,-0.21269193,-0.25735146,0.094447054,0.11306178,-0.0888593,0.26135987,0.26974452,-0.13613988,0.11588755,0,0,-0.050136566,0.1314465,-0.09376294,0.11683488,-0.016059533,-0.046741933,0.047283735,0.12411464,0.21737567,-0.030981928,-0.45470992,-0.32296252,0.03205742,-0.034993082,-0.06994605,-0.10536177,0,0.09907757,0.055252638,0.056990474,0.09755005,-0.17781582,-0.15093341,-0.10468473,0.23493613
"(113.81732938826264, 22.736630019963336)",-0.0037857406,-0.04276161,0.114045076,0,0.18321651,0.23948418,0.06325056,-0.121473275,0.14660463,0.044581346,0.053324416,-0.06875522,0.16469914,-0.033093967,0.1533238,0,-0.416673,-0.14034984,-0.0038953088,-0.40854394,-0.1035421,0.11177963,0.3093163,-0.11607845,0.10126452,0.12366434,0.40866274,-0.17579651,-0.0754778,-0.121400416,-0.050770164,-0.25543845,-0.03862228,0.2608354,0.026522458,-0.08745904,0.025015965,-0.09589614,0.080360144,0.053156856,0.12203859,0.17045972,0.0035275258,-0.19092938,0.20855047,0.14791964,0.07157634,0.13307254,0.009890456,-0.13795741,0.05209034,-0.061871413,-0.10422841,-0.06264246,-0.20916721,-0.0737728,-0.2120108,0.3117341,0.11688364,-0.03986924,0.108885095,0.12333304,-0.1765312,0.07504347,0,0,-0.083035484,0.0581484,-0.09812681,0.22531523,-0.18998381,-0.06942533,0.02744582,0.09552296,0.25769094,-0.03435822,-0.32079706,-0.3565591,0.060747877,0.13815178,-0.11488868,-0.20803806,0,-0.12380019,0.027683306,0.15334356,0.12826546,0.060993068,-0.18789923,-0.14532061,0.15090585
"(113.81863889729132, 22.73721560270781)",-0.03446408,-0.18307897,0.05324482,0,0.2727701,0.1305026,0.09078662,-0.18213335,0.21082982,0.009107418,0.05137773,-0.076568685,0.10267749,-0.11878785,0.16850123,0,-0.3990293,-0.2347389,0.0063654557,-0.35288122,-0.030280896,0.10289255,0.3546276,-0.074620694,0.024797756,0.21630594,0.38787037,-0.27532238,-0.027390353,-0.08972283,-0.09242401,-0.33607906,-0.03790932,0.4032819,0.0717091,-0.11407474,-0.034125563,-0.17235802,0.0006034449,0.05761135,0.12741011,0.25301278,0.053904068,-0.19927314,0.14580132,-0.009155311,-0.0054912046,0.30952048,-0.026530158,-0.054201234,-0.033009432,-0.0911448,-0.10641594,-0.06574003,-0.21965668,-0.16801971,-0.043701194,0.39237103,0.1357529,0.053219087,0.114104986,0.13125835,-0.08088504,0.13226283,0,0,-0.06325088,0.013679085,-0.21501824,0.24034733,-0.27766502,-0.08785407,0.14789239,0.10930187,0.14819601,-0.028957292,-0.35979158,-0.46348876,0.11285509,0.14206018,-0.14885007,-0.24894318,0,-0.15473157,0.01843701,0.16101846,0.09958772,0.07450215,-0.24571249,-0.2102782,0.14978115
"(113.81881523600764, 22.75144080468773)",-0.063390195,-0.31791952,-0.068156384,0,0.29401124,-0.0048345746,0.16028908,-0.26873648,0.26775867,-0.018050455,0.04413931,-0.11158811,0.0033234283,-0.18286243,0.25019965,0,-0.31294963,-0.28397912,0.10228171,-0.36387017,0.08642065,0.096562624,0.2944282,-0.06291556,-0.038970303,0.1452587,0.30939627,-0.2392928,-0.047627546,-0.017948179,-0.18386438,-0.25936154,-0.021029472,0.4408985,0.21571451,-0.11251935,0.020230744,-0.29709888,-0.051695265,0.14300995,0.12902196,0.2348851,0.13079898,-0.09920243,0.07734125,-0.14665121,0.0145725235,0.4760993,-0.18376169,0.0025404058,-0.047206484,-0.015529934,-0.13208795,0.040119708,-0.28729373,-0.15951075,0.13695213,0.41567698,0.11422154,0.03156788,0.18096338,0.1401012,0.04527071,0.18683025,0,0,0.0859472,0.041372225,-0.21671829,0.15085937,-0.118507646,-0.045126602,0.226452,0.020564027,0.028780919,-0.107177794,-0.29207695,-0.41877842,0.061361834,0.096905306,-0.13302697,-0.1768426,0,-0.13971315,-0.02228817,0.066613205,0.0310778,0.015216775,-0.13821058,-0.24436662,0.18104991
"(113.81898810539418, 22.745659923583755)",-0.024741631,-0.14420553,0.06386346,0,0.24754708,0.15391256,0.06777823,-0.13261431,0.18283327,0.03101711,0.03185627,-0.06217249,0.08640518,-0.09953461,0.16049993,0,-0.3729659,-0.19529833,0.019756101,-0.36074734,-0.04620082,0.105617896,0.33344337,-0.07806921,0.037063558,0.21031442,0.40030974,-0.24342644,-0.018856563,-0.09375326,-0.056386515,-0.29639888,-0.031031935,0.3252508,0.059399933,-0.12796004,-0.056354877,-0.1710292,0.038559772,0.04607551,0.1224733,0.23151243,0.052186076,-0.1842629,0.1298982,0.061359756,-0.0100289285,0.27693486,0.008352447,-0.10072088,0.007757256,-0.05124605,-0.07661856,-0.05870024,-0.23084377,-0.15800172,-0.07988382,0.32358506,0.13757245,0.03806401,0.09524326,0.12658668,-0.09338923,0.13806438,0,0,-0.09239091,0.027851535,-0.19145581,0.25161672,-0.2479001,-0.075834736,0.09499848,0.12029279,0.16419905,-0.035655767,-0.3623251,-0.42661682,0.10933812,0.12632692,-0.11062626,-0.23919785,0,-0.10707633,0.03649998,0.16052866,0.1234391,0.072737284,-0.2521795,-0.19837917,0.12170987
"(113.81900272893492, 22.751327231587776)",-0.060941298,-0.3138667,-0.06519937,0,0.29313803,0.00013880711,0.15913868,-0.26511437,0.26517886,-0.017262131,0.043834344,-0.11056054,0.0061530992,-0.18142107,0.25007713,0,-0.31641567,-0.2825951,0.099641375,-0.3656149,0.08260705,0.09693855,0.29356167,-0.0641747,-0.036054235,0.14595312,0.31216186,-0.23796839,-0.047828235,-0.020687712,-0.18163534,-0.2609753,-0.022699054,0.4369829,0.21297872,-0.11252138,0.02066202,-0.29343432,-0.048751898,0.14222176,0.12951784,0.23286068,0.12851961,-0.10066181,0.07831932,-0.14048359,0.016764678,0.47110826,-0.18018341,-0.0029219128,-0.045058988,-0.014889393,-0.13128307,0.03887982,-0.28592148,-0.15951838,0.13086095,0.41373873,0.11548554,0.030109368,0.17864902,0.13976425,0.041709855,0.18556786,0,0,0.083143115,0.042238772,-0.21650231,0.15348715,-0.119846724,-0.046065077,0.22259985,0.022563197,0.03320388,-0.106158406,-0.29305464,-0.4190607,0.0629936,0.09748605,-0.1338437,-0.17662948,0,-0.13841432,-0.02266204,0.06814962,0.033497587,0.016823463,-0.13955943,-0.24272618,0.18020457
"(113.81941817365755, 22.737761119629813)",0.0010797419,-0.058631644,0.1436745,0,0.20849198,0.22045104,0.026151419,-0.05742497,0.19536033,0.027519338,0.050947055,-0.042268183,0.1311144,-0.06680817,0.11528211,0,-0.39163575,-0.16421816,-0.05505503,-0.37929583,-0.124431975,0.10712999,0.31533322,-0.092648625,0.10518597,0.23845258,0.43118143,-0.1850847,-0.007975541,-0.14009228,-0.0066297315,-0.31189084,-0.06542156,0.27632758,-0.0041639805,-0.12746471,-0.08927095,-0.062400624,0.06024376,0.02012347,0.14872666,0.17554086,0.07062113,-0.22519217,0.159522,0.14829476,0.020919211,0.20296027,0.10014586,-0.11444637,0.0034302939,-0.074737415,-0.058737453,-0.1287666,-0.19088778,-0.15040156,-0.1626687,0.30486456,0.123298876,0.074075826,0.10712625,0.14161284,-0.12913804,0.07641438,0,0,-0.14441764,0.0011278372,-0.2069917,0.24133389,-0.27871194,-0.09471761,0.06592776,0.21225357,0.19970968,-0.019001707,-0.38929763,-0.44355208,0.18571822,0.12798198,-0.11592202,-0.27490476,0,-0.08965068,0.038294684,0.18608966,0.17007421,0.110298,-0.28294012,-0.16282044,0.13156746
"(113.81990470576372, 22.740949654796253)",0.04758643,0.013637245,0.11407443,0,0.18081589,0.3173554,0.0533365,-0.029560216,0.119139425,0.056434818,0.056010842,-0.04002397,0.18784848,-0.03227575,0.18505895,0,-0.49659988,-0.16987745,-0.03281358,-0.48532426,-0.17923501,0.14635846,0.268035,-0.15251578,0.16260286,0.17234755,0.4754324,-0.15213507,-0.030374862,-0.20977391,-0.01621645,-0.31019062,-0.11426811,0.18333066,0.024796903,-0.08880365,0.044901773,-0.09684791,0.14497933,0.04674614,0.14708683,0.1516327,0.012323428,-0.19796078,0.18427907,0.27384862,0.10769005,0.090580866,0.11562915,-0.30231553,0.077758074,-0.00808667,-0.09387687,-0.054852255,-0.2350515,-0.14389575,-0.27060986,0.27110374,0.1667155,-0.048644908,0.05082445,0.12182832,-0.20460378,0.08278185,0,0,-0.12508622,0.1169226,-0.11909855,0.3299429,-0.20804015,-0.07868956,-0.036219064,0.103090204,0.31878325,0.0006056428,-0.35678878,-0.37623778,0.12578313,0.09551871,-0.1291953,-0.1911265,0,-0.08648694,-0.011879791,0.1548042,0.15112124,0.096695416,-0.18550566,-0.10864903,0.1324223
"(113.82033985085772, 22.75034048564345)",-0.020409625,-0.22244436,-0.033707924,0,0.24130066,-0.01851986,0.16027251,-0.18569347,0.2506439,0.049036436,0.058943376,-0.08761939,0.045277648,-0.19603243,0.1638956,0,-0.26208347,-0.19974197,0.038075857,-0.32746166,-0.028508164,0.068307996,0.20281032,-0.12470737,-0.059535336,0.08571022,0.33026493,-0.18467015,-0.033634223,-0.0014716368,-0.1263802,-0.2543062,-0.0888849,0.3048424,0.2190004,-0.13279031,-0.06560789,-0.22989324,0.007959507,0.13353156,0.09947389,0.13296777,0.16795002,-0.14160019,0.07558733,-0.03152544,0.013182476,0.48422635,-0.1957704,-0.14257479,-0.06060972,0.07328409,-0.10803649,-0.039956532,-0.2733164,-0.15742332,0.034333073,0.2587489,0.0708377,-0.019299649,0.17986856,0.184802,-0.008230075,0.1306167,0,0,0.034594893,0.0854501,-0.16978571,0.1320048,-0.08775952,-0.036858454,0.1757499,0.03308157,0.0757705,-0.08956796,-0.37521112,-0.3675689,0.09601791,0.027333157,-0.12310714,-0.10783062,0,-0.050329924,-0.011468481,0.029261298,0.049282685,-0.0621093,-0.13010259,-0.16181518,0.18859398
"(113.8203581120728, 22.73916049552549)",0.020524267,-0.005544126,0.1601782,0,0.17914659,0.25429356,0.013052836,-0.008838989,0.17885607,0.048248522,0.069509625,-0.021357166,0.15516344,-0.05704031,0.07241752,0,-0.39167663,-0.13214819,-0.08676395,-0.36997,-0.1670616,0.104727104,0.2971443,-0.11012456,0.12518121,0.22961777,0.45415908,-0.16238365,0.011330403,-0.16495879,0.028563313,-0.32018757,-0.10539916,0.2199798,-0.014839321,-0.12296949,-0.10053204,-0.02067329,0.099289104,0.0010148915,0.1372162,0.1456176,0.06998317,-0.24475399,0.17892505,0.21071969,0.0268486,0.15288886,0.13127331,-0.19670495,0.0021774117,-0.061055813,-0.060254462,-0.15291615,-0.1791694,-0.15467192,-0.23745543,0.2504262,0.1208184,0.05506728,0.0941371,0.14459565,-0.17428951,0.049147904,0,0,-0.17839149,0.022635756,-0.17090303,0.25480592,-0.2780935,-0.09199683,0.026476514,0.21029246,0.23568821,0.011385784,-0.40434852,-0.41325232,0.18760096,0.09883446,-0.11672412,-0.24457255,0,-0.07224598,0.034609582,0.18098277,0.17195803,0.09045049,-0.26875767,-0.1151141,0.13601461
"(113.82097160130566, 22.739409765832928)",0.024907973,0.0017833412,0.16390924,0,0.17360592,0.26024097,0.01156421,0.0013701394,0.1768837,0.049789935,0.07144645,-0.019063381,0.1569218,-0.056131072,0.07040631,0,-0.39486736,-0.12832992,-0.09393045,-0.3730743,-0.17380226,0.1046443,0.28773218,-0.11367625,0.1325262,0.22847882,0.45623973,-0.15227616,0.013008125,-0.16982707,0.030995078,-0.32016414,-0.11331725,0.20749521,-0.013564497,-0.12285115,-0.0983969,-0.013079688,0.10476056,0.0019667777,0.13977888,0.13566393,0.07225302,-0.24454552,0.17711152,0.22288442,0.035869867,0.14587615,0.13684694,-0.20968677,0.0052218605,-0.056078244,-0.059376173,-0.15491979,-0.17703937,-0.15375116,-0.24558017,0.2425687,0.119764075,0.053182818,0.09313913,0.14543533,-0.17764339,0.04452464,0,0,-0.17985809,0.025234876,-0.16940433,0.25511748,-0.27328527,-0.09188168,0.019916262,0.21379879,0.2398408,0.01022175,-0.4040846,-0.40947884,0.19441043,0.09326473,-0.11893804,-0.24033031,0,-0.06709361,0.02965362,0.17758054,0.17531684,0.09130686,-0.26252005,-0.10849936,0.13708365
"(113.82100038874977, 22.740267612530623)",0.040843826,-0.06755155,0.12222225,0,0.2125396,0.23803602,0.049428806,-0.07517836,0.13596795,0.02472233,0.043230444,-0.041754544,0.17839903,-0.089948215,0.15218487,0,-0.46007374,-0.16412953,-0.07543118,-0.34859753,-0.1051845,0.09209052,0.28641033,-0.094028905,0.08202936,0.20293272,0.40005976,-0.209932,-0.03258399,-0.14552268,-0.047488157,-0.33840185,-0.1042411,0.27912575,0.0034870803,-0.097013816,-0.006257739,-0.03915949,0.06949587,0.04588035,0.11962214,0.16357073,-0.030345213,-0.22799169,0.16131712,0.13378263,0.06314117,0.16592674,0.04217047,-0.1824879,0.014536241,-0.057475004,-0.08859428,-0.09205453,-0.15852459,-0.12746583,-0.19745958,0.31326357,0.13686046,-0.00458821,0.04579319,0.10418798,-0.17427489,0.06742832,0,0,-0.117628075,0.040606633,-0.17660412,0.27012762,-0.27059284,-0.095369145,0.043924626,0.13556516,0.24210852,-0.009682596,-0.34803638,-0.415273,0.15233524,0.13999097,-0.17550685,-0.18157259,0,-0.124752305,-0.013596635,0.16912732,0.14635284,0.101463504,-0.233949,-0.1274292,0.13168661
"(113.8216525636664, 22.75958277862884)",-0.055134293,-0.29484102,-0.070337154,0,0.2702753,-0.047203016,0.16793573,-0.21605733,0.29753393,0.029747404,0.08068551,-0.089592956,-0.02023781,-0.22574914,0.17675006,0,-0.25402176,-0.24583422,0.07035711,-0.34928203,0.029403888,0.086883724,0.25502607,-0.103545114,-0.05764958,0.14006987,0.35799313,-0.20590773,0.0022028908,-0.0013168436,-0.14702189,-0.2634749,-0.084295854,0.36651406,0.27824265,-0.15052514,-0.07031219,-0.29859215,-0.019664578,0.14719027,0.122732684,0.17978883,0.23520991,-0.12194661,0.058504917,-0.0834497,-0.003330864,0.5446363,-0.18615554,-0.111172885,-0.083925,0.060706582,-0.12105757,-0.014217069,-0.3132829,-0.20354116,0.11355349,0.31350726,0.088284716,0.033902653,0.22307073,0.19438252,0.039965972,0.18241781,0,0,0.056143865,0.07293074,-0.20471716,0.13751197,-0.08899989,-0.03356938,0.22605237,0.042795487,0.011803684,-0.092058375,-0.37551042,-0.40332893,0.10500841,0.011723848,-0.117404826,-0.14224908,0,-0.0654355,-0.017609376,0.027019948,0.03403069,-0.051855423,-0.12173852,-0.20559596,0.2074794
"(113.8217538301683, 22.695054564128984)",0.056787025,0.22831136,0.21493681,0,-0.091599345,0.30831355,0.012102261,-0.004224278,0.055917278,0.110885285,0.09254107,-0.043306258,0.3027788,0.10194569,-0.076826595,0,-0.18705815,0.20379288,-0.10733399,-0.20631158,-0.20031458,-0.022621017,0.08918396,-0.14947443,0.1381891,-0.2506641,0.22900808,0.123085104,-0.20066649,-0.05070191,0.034011714,-0.0060712025,-0.08964406,-0.04789406,-0.039490372,0.017567296,0.07959075,0.27135855,0.21167158,0.016932163,-0.005620785,-0.1533434,-0.13287878,-0.18340436,0.386267,0.28123948,0.18237187,-0.20534149,-0.17013535,-0.22428209,0.10409823,-0.028765935,-0.14407393,-0.12287534,-0.040570993,0.27124092,-0.5770861,-0.008114522,-0.07280547,-0.27180892,0.1554528,0.09016895,-0.3724941,-0.19686696,0,0,-0.050252005,0.08366761,0.27521986,-0.082472436,0.118195996,0.018135466,-0.16086535,0.0010630414,0.38628188,-0.029887319,-0.14728181,0.052694764,-0.14530665,0.081184685,-0.07721043,0.08639941,0,-0.07372841,0.04101584,0.02898866,0.08264739,-0.15456167,0.04137417,0.13783877,0.21102701
"(113.82220467282325, 22.739224404005306)",0.035915453,0.035162807,0.1823882,0,0.15295647,0.28315723,-2.284348e-05,0.036581688,0.17232524,0.05578833,0.07726723,-0.010310253,0.16642752,-0.044587918,0.05498723,0,-0.3976312,-0.11152612,-0.11581909,-0.38042116,-0.20129853,0.1049635,0.26551944,-0.12347731,0.15733474,0.22674817,0.46407503,-0.121943854,0.019298933,-0.18661489,0.04830899,-0.31744206,-0.13191931,0.168508,-0.022932976,-0.12189694,-0.10162905,0.016671225,0.12320755,-0.004704651,0.14585592,0.108457305,0.07891859,-0.24900441,0.17943504,0.265014,0.053765967,0.11529134,0.16470109,-0.24034369,0.013103807,-0.048752848,-0.05346658,-0.16914105,-0.16866696,-0.14913562,-0.278863,0.21546803,0.114641875,0.052760772,0.09070599,0.14855416,-0.19203435,0.025187165,0,0,-0.19431376,0.028553648,-0.16136584,0.25508702,-0.26630443,-0.09204203,-0.0030362792,0.23075098,0.25596672,0.012811035,-0.40729776,-0.39725232,0.21351112,0.079613246,-0.11816337,-0.23639587,0,-0.051706687,0.024316859,0.17401665,0.18767272,0.094896756,-0.254022,-0.0869014,0.13769932
"(113.82230477836409, 22.73771273680605)",0.03720082,0.06500098,0.19902237,0,0.1359344,0.29661804,-0.013758123,0.06222301,0.17551938,0.061891623,0.0800228,-0.004100012,0.17121685,-0.028483786,0.033361472,0,-0.38064653,-0.09378122,-0.12506221,-0.38148183,-0.2247993,0.104289934,0.25713867,-0.12789892,0.17286256,0.22407025,0.468862,-0.09983022,0.024054103,-0.19442007,0.07123747,-0.3073262,-0.13410893,0.14161614,-0.03902909,-0.122969106,-0.12031765,0.039139345,0.13637911,-0.019212615,0.147383,0.09305141,0.09005341,-0.25414914,0.18819757,0.2939258,0.05085358,0.0937794,0.18830939,-0.24572578,0.015900942,-0.05000255,-0.044951513,-0.18620938,-0.1650884,-0.14313486,-0.30415103,0.19011435,0.10670906,0.060290717,0.0956303,0.15381148,-0.2000723,0.008775145,0,0,-0.21154785,0.02413149,-0.15160811,0.24686226,-0.26351467,-0.09052251,-0.018323008,0.24911955,0.264546,0.01842548,-0.41472462,-0.38647947,0.22113962,0.07246595,-0.10445234,-0.24426624,0,-0.037948422,0.035233773,0.17654523,0.19675195,0.09342567,-0.26057225,-0.07351534,0.1356244
"(113.82280721993736, 22.738282221397373)",0.026487578,-0.073415354,0.09091633,0,0.21055135,0.21079,0.069238365,-0.10122482,0.14945972,0.041853257,0.0455582,-0.048086014,0.15839463,-0.083083056,0.14115933,0,-0.3863341,-0.14887784,-0.019408371,-0.35593063,-0.09924532,0.09197833,0.2964793,-0.10532363,0.058196295,0.14787173,0.41167742,-0.19891334,-0.04580494,-0.11613974,-0.030745078,-0.29492587,-0.07495256,0.2619345,0.030876994,-0.10061033,-0.026303481,-0.07982479,0.08689001,0.04813378,0.09842719,0.15805846,0.00484303,-0.20595157,0.18512361,0.1258264,0.030151293,0.19637574,-0.013376575,-0.19559707,0.015096316,-0.028879572,-0.093925126,-0.071383476,-0.19652088,-0.12212664,-0.2031151,0.27818713,0.13190009,-0.035990186,0.08332786,0.121446535,-0.1660219,0.08380973,0,0,-0.09686297,0.063340455,-0.1294288,0.23319058,-0.20726767,-0.07381867,0.04200303,0.0985231,0.23598686,-0.0072429627,-0.34955296,-0.373782,0.07697289,0.12532346,-0.12778002,-0.1602847,0,-0.097323895,0.021988656,0.15371138,0.119332045,0.038888626,-0.22666901,-0.12958981,0.14107914
"(113.82319826296768, 22.73999319176838)",0,0,0,0,0,0,0,0,0,0,0,0,0,0,0,0,0,0,0,0,0,0,0,0,0,0,0,0,0,0,0,0,0,0,0,0,0,0,0,0,0,0,0,0,0,0,0,0,0,0,0,0,0,0,0,0,0,0,0,0,0,0,0,0,0,0,0,0,0,0,0,0,0,0,0,0,0,0,0,0,0,0,0,0,0,0,0,0,0,0,0
"(113.8237435977103, 22.740701224434723)",0.0659114,0.025920004,0.14906384,0,0.1494347,0.29641062,0.027584285,0.0029923245,0.14534344,0.0458119,0.051885203,-0.02111992,0.17183796,-0.03763876,0.12683704,0,-0.3797373,-0.10183674,-0.052509997,-0.420556,-0.16812375,0.10757576,0.24342154,-0.12970375,0.14960523,0.14561623,0.45607525,-0.08398423,-0.03716279,-0.17181474,0.03247738,-0.25449032,-0.10691492,0.13562243,-0.006343454,-0.102911696,-0.034152564,0.00092847645,0.14698887,0.041190688,0.12878107,0.06583921,0.041396033,-0.19862144,0.19717471,0.26780057,0.08754939,0.10595475,0.082479924,-0.27231884,0.058101006,0.009549316,-0.06360844,-0.09045417,-0.19078664,-0.10675442,-0.299412,0.21184859,0.12906407,-0.036429502,0.096966326,0.13191484,-0.19269186,0.04204148,0,0,-0.12881252,0.07353911,-0.11358995,0.21895775,-0.14923504,-0.07036632,-0.03344773,0.1711201,0.27621296,-0.0128760785,-0.3459374,-0.33762893,0.12454258,0.10013494,-0.093547985,-0.15990484,0,-0.030874372,0.019612622,0.15577269,0.16911457,0.06382445,-0.22046682,-0.08520599,0.14076617
"(113.82547043203664, 22.732072572369457)",0.09524956,0.22137763,0.20120068,0,0.09204584,0.45070365,-0.035809368,0.10851868,0.13018481,0.051278256,0.040037453,0.0072790063,0.25396314,0.11854189,0.10656267,0,-0.3486492,-0.08614321,-0.014984492,-0.5371751,-0.30808544,0.164137,0.24568228,-0.16857176,0.27060103,0.11915193,0.51590395,-0.006864466,-0.039569147,-0.2916996,0.17630687,-0.21805558,-0.07207534,0.017440371,-0.1705145,-0.055648025,-0.042805832,0.059092388,0.24913815,-0.058187444,0.13291557,0.050436206,0.03669629,-0.20197164,0.29778367,0.44013673,0.052511975,-0.079943374,0.2613963,-0.3228346,0.10801442,-0.020761792,-0.03157205,-0.10622054,-0.21322982,-0.11506809,-0.46970117,0.14935508,0.1658189,-0.044017017,0.062918365,0.12542215,-0.25107747,-0.022326142,0,0,-0.21369645,0.10543469,-0.043338515,0.26175138,-0.15065452,-0.06699695,-0.15810686,0.19143161,0.40226063,0.06490957,-0.34489608,-0.28616524,0.070119396,0.1123476,0.016322384,-0.22240737,0,0.0085299015,0.09680574,0.21811897,0.18446228,0.085505076,-0.29339287,-0.028130928,0.09751508
"(113.8255877501778, 22.740467189229683)",0.07074086,0.026337668,0.166786,0,0.1755244,0.33997917,0.02445434,0.016665496,0.10457011,0.043525092,0.05730389,-0.017387768,0.20986965,-0.037029162,0.11974812,0,-0.48856494,-0.13568741,-0.11534647,-0.3976469,-0.18801376,0.10734114,0.2577002,-0.12682873,0.17153844,0.20135018,0.46009308,-0.14529872,-0.018966533,-0.21490811,0.016702704,-0.35335433,-0.13933863,0.17151216,-0.03114459,-0.090125516,0.003705576,0.02122818,0.14619783,0.013169844,0.13698694,0.11443368,-0.027004909,-0.23506936,0.18923958,0.2677272,0.10729109,0.047900394,0.13119984,-0.3094004,0.056702867,-0.05190714,-0.07935703,-0.11112277,-0.14635424,-0.13523751,-0.3231562,0.24721384,0.15820947,-0.020350836,0.022834137,0.10567936,-0.23331578,0.03598714,0,0,-0.16750902,0.0612282,-0.14597991,0.3057091,-0.26506662,-0.10095386,-0.043012876,0.16720933,0.3222426,0.016589895,-0.3510324,-0.3879024,0.16418634,0.11545347,-0.16749345,-0.18508181,0,-0.086528674,-0.015896868,0.18103218,0.17679763,0.110591285,-0.2250059,-0.07951361,0.12347674
"(113.8261265859758, 22.741630755564017)",0.06891836,0.020984337,0.16099907,0,0.1799188,0.33714807,0.028971568,0.012463652,0.10179857,0.045666553,0.05771868,-0.019239018,0.20889926,-0.040693402,0.12449794,0,-0.49831322,-0.14209335,-0.11404183,-0.40010428,-0.18690702,0.10935864,0.25818354,-0.12907133,0.16879752,0.20347738,0.46087,-0.15346128,-0.017276965,-0.21538746,0.010097407,-0.35985702,-0.14164051,0.17609519,-0.023605615,-0.090323046,0.009713795,0.0095679015,0.14509778,0.015442688,0.13761437,0.122064345,-0.028627615,-0.23460498,0.18452431,0.26531106,0.108687595,0.052341715,0.12943177,-0.31521285,0.057200983,-0.05062664,-0.08231042,-0.1075202,-0.15045018,-0.14022176,-0.3169348,0.25068083,0.16120169,-0.022435285,0.018141076,0.10532823,-0.23296379,0.04167667,0,0,-0.16584331,0.0659955,-0.1475746,0.31585538,-0.26991823,-0.10140456,-0.04134022,0.15903437,0.3235882,0.016631663,-0.35318148,-0.3915279,0.1648074,0.11276846,-0.1726164,-0.18489799,0,-0.090395615,-0.020263214,0.17854562,0.17411396,0.1109347,-0.21991968,-0.081957184,0.12290855
"(113.82669465097948, 22.74182474386325)",0.0713373,0.0320929,0.1659602,0,0.17524913,0.34596264,0.025543839,0.021637,0.09749843,0.048614107,0.0591404,-0.017025916,0.21423286,-0.03589225,0.12092196,0,-0.5052165,-0.13933687,-0.1202132,-0.40319407,-0.19651565,0.11100261,0.25452256,-0.13266465,0.17590864,0.20493361,0.46400398,-0.15027803,-0.014796846,-0.22236153,0.014245763,-0.3627529,-0.14676532,0.167333,-0.027982742,-0.08901827,0.011368133,0.014875308,0.15083276,0.011612926,0.13893753,0.11996744,-0.031040873,-0.23767892,0.18577401,0.27851626,0.11258298,0.040029168,0.14084668,-0.3253321,0.0602943,-0.05109643,-0.08159049,-0.11153491,-0.14863414,-0.14051843,-0.32765973,0.24495888,0.16174448,-0.023349933,0.012892678,0.10486466,-0.24000736,0.03728208,0,0,-0.17269847,0.068616964,-0.14466047,0.3229885,-0.2742624,-0.102296084,-0.04927363,0.16051322,0.33213362,0.020018265,-0.35542855,-0.38978246,0.16963752,0.10975294,-0.17398879,-0.18587708,0,-0.089585215,-0.021872062,0.17922097,0.17706512,0.11379673,-0.21801901,-0.076189384,0.12133938
"(113.82925756712037, 22.7273109606338)",-0.005347263,-0.0573716,0.06185559,0,0.21082042,0.17545925,0.04629293,-0.09948107,0.23694675,0.0074592307,0.04153149,-0.048199467,0.13525516,-0.040004157,0.14857933,0,-0.29295418,-0.20711102,0.049523674,-0.4055576,-0.10475475,0.12959367,0.3084313,-0.093140095,0.069076136,0.17233288,0.38706076,-0.18252209,-0.01722648,-0.14517409,0.01205679,-0.2577774,-0.02987162,0.29989123,-0.025609732,-0.08395651,-0.07920642,-0.12642725,0.05559598,0.004770774,0.11288473,0.19885713,0.09666383,-0.18492244,0.1924536,0.08204638,-0.052202906,0.2542767,0.064904034,-0.0651135,-0.031148126,-0.060651455,-0.07094177,-0.07416773,-0.24851574,-0.16897342,-0.115990095,0.3116623,0.12744485,0.052129753,0.11968158,0.13816708,-0.0773229,0.06974056,0,0,-0.09578857,0.043950662,-0.15871218,0.2080894,-0.2139473,-0.06390016,0.086264,0.11679491,0.17578658,0.0108716935,-0.359425,-0.3923455,0.08358131,0.11726527,-0.041789263,-0.24343729,0,-0.09177404,0.07032175,0.16756615,0.09188916,0.05724492,-0.2834733,-0.14659569,0.13046502
"(113.8299294673386, 22.701542714887747)",0.08489409,0.16643795,0.1905755,0,-0.0032163896,0.3350734,0.04346992,-0.040076874,0.060638383,0.058449827,0.072453365,-0.047387052,0.2962908,0.08977758,0.050778605,0,-0.3014229,0.06225927,-0.0714937,-0.33794856,-0.17131817,0.04378168,0.12273809,-0.16282839,0.1739253,-0.16250065,0.30103964,0.06552353,-0.19353127,-0.11774479,0.013117559,-0.09279853,-0.07118471,0.008989215,-0.06672096,0.017850894,0.13787268,0.17976941,0.18314672,0.050697852,0.048906125,-0.09877347,-0.110035256,-0.1585909,0.33729202,0.2604836,0.2100917,-0.13873461,-0.0995428,-0.2462045,0.11334726,-0.028048027,-0.1268087,-0.07123786,-0.06776215,0.14845006,-0.49424982,0.13276699,0.021011025,-0.24394011,0.11696929,0.088052124,-0.31202996,-0.13027883,0,0,-0.028755598,0.09782998,0.14171517,0.01661191,0.053563267,-0.022132002,-0.13104072,0.023124821,0.3836563,-0.04992424,-0.14465588,-0.06893264,-0.10235739,0.120106,-0.09095316,0.007236086,0,-0.072391815,0.0125269145,0.07941613,0.09887661,-0.066566266,-0.020879284,0.05698489,0.1907761
"(113.83320035508328, 22.710288669248776)",0.03042246,-0.07944508,0.051624246,0,0.112282604,0.09230207,0.09840217,-0.21601287,0.19532096,-0.012075342,0.04902321,-0.08006384,0.17683876,-0.058325715,0.14295721,0,-0.18903387,-0.06268342,0.04847876,-0.2742558,0.019541942,0.035900887,0.19705966,-0.0833967,-0.013585102,-0.094887905,0.21626645,-0.06444586,-0.16765058,0.0005559344,-0.09198253,-0.0817727,-0.015702143,0.25912443,0.028056562,-0.015484314,0.061591674,0.0073678344,0.016336583,0.12128307,0.03181915,0.012508631,-0.016444128,-0.12612915,0.25149912,-0.04541435,0.068464115,0.21449254,-0.24961606,0.006267231,-0.021291709,-0.007802997,-0.13116324,-0.014708182,-0.14175753,0.06747204,-0.15668392,0.289449,0.010750438,-0.14720388,0.19583848,0.10500832,-0.11308955,-0.025657177,0,0,0.0838875,0.057677656,0.008266024,-0.053266883,0.051545866,-0.0098014325,0.09562193,-0.008364402,0.14829303,-0.08469534,-0.16852397,-0.17540032,-0.091358945,0.14382167,-0.07351932,-0.0017357543,0,-0.11346641,0.0213083,0.059694186,0.022193907,-0.080199964,-0.08801699,-0.06561827,0.21209474
"(113.83611068481646, 22.706393785175827)",0.088419855,0.019419998,0.110086165,0,0.038113017,0.1676796,0.0973472,-0.17196915,0.15029928,0.013158485,0.074654564,-0.06506161,0.24830276,-0.025912233,0.08522495,0,-0.16614127,0.048532236,-0.00765739,-0.25779885,-0.046074577,0.0007743798,0.1431523,-0.12338577,0.028285552,-0.21295181,0.23914021,0.041538976,-0.22135526,0.0029702876,-0.05317359,-0.037541777,-0.05688549,0.13624515,0.016745776,0.0073621757,0.0928705,0.15175556,0.09333025,0.13661839,0.004320696,-0.1293796,-0.058377977,-0.14024997,0.33567768,0.05866102,0.14541781,0.08514786,-0.31336978,-0.12172854,0.010756055,0.031281646,-0.15168071,-0.037595794,-0.08402072,0.15808612,-0.34604606,0.19480982,-0.01838275,-0.2599081,0.22321449,0.1094092,-0.21768574,-0.098925024,0,0,0.08994437,0.08887969,0.11705332,-0.13385904,0.16273127,0.0030067787,0.012135949,-0.011505954,0.23808166,-0.0729209,-0.13270922,-0.06801747,-0.15512373,0.13774781,-0.082066864,0.11027377,0,-0.07434231,0.016481403,0.03867236,0.030688567,-0.15275481,-0.027912512,0.023544496,0.25158542
"(113.83767636678552, 22.729246298982783)",0.10881521,0.052514225,0.0937619,0,0.08435424,0.21688865,0.03237094,-0.05518136,0.20976613,0.0032928698,0.033457577,-0.019001162,0.19338816,-0.026207604,0.15145156,0,-0.14840332,-0.03728263,0.064159736,-0.3926233,-0.11080558,0.082965106,0.19430715,-0.11257604,0.067640856,-0.02942101,0.35686314,0.023803405,-0.10924729,-0.101184696,0.060233608,-0.061714347,-0.061836127,0.114465296,-0.04575914,-0.04898488,-0.047893938,0.05900027,0.1338279,0.08219904,0.05105564,-0.053049646,0.05751029,-0.14507246,0.27989006,0.18297914,0.024847955,0.1689846,-0.07318729,-0.15689516,0.008925492,0.09482296,-0.06652917,-0.034606986,-0.20983131,-0.010699544,-0.29285663,0.17766948,0.0653509,-0.12838033,0.19367094,0.13109961,-0.14286546,-0.021625549,0,0,-0.018892922,0.11100802,-0.0020051077,0.0061330777,0.08534431,-0.006314479,-0.0062075295,0.096497215,0.20956144,-0.012912452,-0.262341,-0.18534505,-0.029484317,0.116013035,0.026899884,-0.0052222684,0,0.013536699,0.07180078,0.110977255,0.08767414,-0.051855735,-0.2100249,-0.025178568,0.18063067
"(113.83768968199222, 22.70836520891622)",0.07915443,-0.0382863,0.0912452,0,0.10334444,0.19847457,0.08386618,-0.1440652,0.17146619,-0.024614342,0.04749067,-0.058875065,0.19126385,-0.031402297,0.1529909,0,-0.21170086,-0.04638306,0.018897738,-0.32496545,-0.020367451,0.040162954,0.18023008,-0.09200919,0.07314764,-0.089330815,0.28208855,0.011542968,-0.17585218,-0.05733621,-0.040467102,-0.09467916,-0.040931948,0.17645079,0.004684061,-0.016381275,0.0819419,0.08688901,0.08459533,0.11861135,0.056033164,-0.059030868,-0.024093162,-0.115277104,0.27722573,0.05451978,0.1294259,0.12450555,-0.20770292,-0.10835317,0.02754798,0.00809693,-0.12231394,-0.0015467908,-0.12070194,0.06567711,-0.2659101,0.2561262,0.050286308,-0.16591495,0.18978585,0.09681404,-0.15027083,-0.035206378,0,0,0.069718175,0.06031783,0.005808614,-0.051195204,0.0925299,-0.020171024,0.025552582,0.048550002,0.20572054,-0.07792762,-0.14358032,-0.16756967,-0.086855546,0.15425117,-0.07646993,0.015269361,0,-0.06881772,0.009783696,0.082586445,0.06182909,-0.059653647,-0.10066594,-0.04362919,0.20984367
"(113.83835039645068, 22.707972199031104)",0.08538556,-0.023308933,0.10009111,0,0.09915581,0.21401776,0.08204031,-0.13349164,0.1638152,-0.01815468,0.048426136,-0.056045335,0.19851145,-0.025157683,0.14866114,0,-0.21665242,-0.038038492,0.014114238,-0.33307374,-0.03566722,0.041493986,0.1792863,-0.09957498,0.08255048,-0.093013145,0.2964817,0.018378772,-0.17760062,-0.06328061,-0.03042676,-0.096175894,-0.04416807,0.1590337,0.000567019,-0.018119287,0.08040787,0.09525351,0.09833708,0.11639335,0.056609303,-0.06776232,-0.025806185,-0.11890634,0.28419697,0.07880763,0.13491501,0.108589485,-0.20075063,-0.13214433,0.035920024,0.013713103,-0.120509095,-0.005650198,-0.120252416,0.06634867,-0.29051745,0.24385318,0.053798027,-0.17472282,0.18799527,0.09925558,-0.16382971,-0.03716138,0,0,0.06096115,0.06597012,0.012517534,-0.045753047,0.09497822,-0.021236919,0.010951232,0.05338808,0.22204393,-0.073948845,-0.14904538,-0.16401337,-0.08861123,0.153336,-0.07443891,0.017054342,0,-0.060239814,0.012937676,0.086089514,0.06855072,-0.062088974,-0.103231356,-0.038348824,0.20914268
"(113.83870410437312, 22.70824089416124)",0.086894065,-0.022876054,0.09951528,0,0.099550515,0.21516602,0.08165187,-0.1319775,0.16547613,-0.018580481,0.048362643,-0.055024933,0.19757372,-0.025723867,0.14996731,0,-0.21444863,-0.038510077,0.016088195,-0.3361556,-0.036548264,0.04262649,0.180181,-0.09990282,0.08330996,-0.09193166,0.2999602,0.020099156,-0.17657173,-0.06450861,-0.027955145,-0.09521316,-0.044684064,0.15756936,0.000749141,-0.019079592,0.07815702,0.0947824,0.10007912,0.11689938,0.057018265,-0.06915798,-0.022657122,-0.11842682,0.28489044,0.08146467,0.13355108,0.11043374,-0.19929065,-0.13493401,0.035733238,0.016732883,-0.11964497,-0.0047753286,-0.12276913,0.063984506,-0.29141915,0.24292037,0.05531658,-0.17446685,0.18976705,0.100244135,-0.16296293,-0.035739303,0,0,0.060654663,0.06733388,0.011784427,-0.04587575,0.09759806,-0.020838857,0.01045483,0.05514074,0.22158094,-0.072784126,-0.15061481,-0.16452196,-0.08851214,0.15283166,-0.0718331,0.017699026,0,-0.057353176,0.014053572,0.08681781,0.06901185,-0.062457167,-0.10569431,-0.038574412,0.20941558
"(113.83890370760425, 22.73001989242725)",0.12365906,0.0882279,0.12078882,0,0.084371835,0.2659906,0.022676885,-0.027495824,0.17791572,0.014445923,0.02715163,-0.013180258,0.21842968,-0.0066061243,0.15478787,0,-0.19756347,-0.03404738,0.04419744,-0.41651535,-0.1478577,0.09271239,0.19687319,-0.12663648,0.09635635,-0.013733894,0.38774997,0.018409602,-0.10992003,-0.12937471,0.07703426,-0.08707036,-0.067467555,0.08589701,-0.07330841,-0.050502945,-0.038666096,0.07323946,0.15964025,0.06995741,0.059461936,-0.05067066,0.030249368,-0.15915981,0.28404233,0.2411702,0.04173778,0.11816858,-0.028786328,-0.20493211,0.036137618,0.09134771,-0.05794975,-0.0447535,-0.20107296,-0.018219542,-0.34287786,0.16865498,0.0847523,-0.138634,0.16116628,0.12616275,-0.17709254,-0.022827148,0,0,-0.05202824,0.118852824,-0.0060442463,0.052162886,0.0523528,-0.01878196,-0.043703053,0.11114504,0.257838,-0.0033926964,-0.27533355,-0.1986984,-0.0146218985,0.12555566,0.017825311,-0.022155918,0,0.018644713,0.071793936,0.1320785,0.11247122,-0.028412841,-0.22718912,-0.02172676,0.1644334
"(113.83894509218725, 22.70832643578929)",0.08825533,-0.020802528,0.10031014,0,0.09924431,0.21757211,0.08120473,-0.13004437,0.16530605,-0.017956175,0.048438534,-0.054220024,0.1980496,-0.025156714,0.15002918,0,-0.21409747,-0.037776522,0.016492233,-0.33858758,-0.038836695,0.043381978,0.18061826,-0.100966334,0.0847611,-0.091783546,0.30331236,0.021534197,-0.17625254,-0.065830715,-0.025583267,-0.094982445,-0.045234535,0.15490215,0.00023278594,-0.019720446,0.07689579,0.09542076,0.10250436,0.11676227,0.05725974,-0.07061926,-0.021445986,-0.11870388,0.28607368,0.08562177,0.1334311,0.10932705,-0.19759753,-0.13895622,0.036638632,0.018698137,-0.11901624,-0.0049070623,-0.123947755,0.06291265,-0.29475847,0.24108097,0.056459643,-0.17534122,0.19029124,0.10098557,-0.16422531,-0.035288453,0,0,0.059333764,0.0686578,0.012271188,-0.04509759,0.09888133,-0.02079343,0.008472513,0.056472115,0.22337393,-0.071684524,-0.15208936,-0.16439055,-0.08868773,0.15250887,-0.07032549,0.018042915,0,-0.05508381,0.015032094,0.08765005,0.07001656,-0.06285881,-0.10723075,-0.038089544,0.20939398
"(113.83905075110482, 22.730816919442955)",0.13064684,0.114968866,0.14034602,0,0.08240801,0.29845437,0.013822556,-0.0049069,0.15785696,0.02383808,0.023616001,-0.008919762,0.2325519,0.008518629,0.15360627,0,-0.22984436,-0.03136471,0.02973856,-0.43366346,-0.175571,0.100464985,0.19758928,-0.13678345,0.11801912,9.237975e-05,0.40879205,0.01594577,-0.106870614,-0.14943665,0.089940734,-0.103585966,-0.07123001,0.064015076,-0.09156358,-0.05308615,-0.035944108,0.08044334,0.17710969,0.059047323,0.06723167,-0.04719246,0.016688589,-0.16880322,0.28406852,0.28397328,0.052040026,0.08338083,0.008325491,-0.23571017,0.054932572,0.087962136,-0.05023361,-0.054548673,-0.19681539,-0.024704237,-0.3744316,0.15962158,0.09630744,-0.14047429,0.13952132,0.12429629,-0.19863923,-0.0238536,0,0,-0.07791132,0.12282817,-0.009722389,0.08538959,0.027118206,-0.026990749,-0.069615886,0.12403915,0.28906947,0.0024579912,-0.28697804,-0.20833111,0.00035624206,0.12852453,0.013677618,-0.03931462,0,0.023444027,0.07286386,0.14571697,0.13093893,-0.01077006,-0.23833787,-0.01969255,0.15219977
"(113.83917493399537, 22.73007038142492)",0.12540086,0.091774315,0.12350731,0,0.08461584,0.27128834,0.02185896,-0.025150485,0.17382982,0.015558235,0.02634129,-0.012654638,0.2215791,-0.004616268,0.15552366,0,-0.20371735,-0.033887543,0.041997626,-0.41867894,-0.15136823,0.09367968,0.19732586,-0.12805833,0.0990358,-0.012225635,0.3906875,0.017019384,-0.110295095,-0.13231727,0.07826657,-0.09019418,-0.06803982,0.083396465,-0.076420605,-0.050332855,-0.036780696,0.07466839,0.16218643,0.06880489,0.060057268,-0.049980156,0.02609447,-0.16076662,0.28451905,0.24681152,0.04372108,0.1123576,-0.024542,-0.21012096,0.03912597,0.09070215,-0.057320476,-0.04551734,-0.19970524,-0.01885083,-0.3482596,0.16829512,0.08703643,-0.14038259,0.15695034,0.12517746,-0.1811743,-0.022881538,0,0,-0.055392094,0.11988057,-0.006343432,0.05758463,0.048347294,-0.020227946,-0.04771762,0.11188883,0.2633722,-0.002291277,-0.27625617,-0.20010126,-0.0135254115,0.12700137,0.016252253,-0.023512207,0,0.018502347,0.071460724,0.13442793,0.11485584,-0.0258198,-0.22876889,-0.021363975,0.16257852
"(113.8394620811632, 22.730274593961543)",0.08961974,0.041147888,0.13178192,0,0.12574776,0.29190964,0.04538472,-0.04844705,0.12400803,0.031047918,0.051305473,-0.026424365,0.2257902,-0.020339511,0.13045496,0,-0.34185496,-0.07127486,-0.02935012,-0.38004512,-0.13718367,0.086501345,0.23090993,-0.1258788,0.11633903,0.042525448,0.4011171,-0.072279386,-0.09373859,-0.14817315,0.021759793,-0.20907646,-0.09264818,0.14209524,-0.037519187,-0.052250925,0.024095546,0.050378725,0.1457003,0.053616878,0.07729408,0.028856263,-0.031683397,-0.18951118,0.25979418,0.21439958,0.09142077,0.0655819,-0.015343349,-0.2532488,0.047645286,0.005483415,-0.09447632,-0.060974874,-0.15632237,-0.041532632,-0.34766418,0.21963187,0.11084802,-0.12302398,0.09729564,0.10651621,-0.22520678,-0.0022048056,0,0,-0.07859856,0.09569223,-0.033274002,0.15046933,-0.08130046,-0.05343084,-0.04047895,0.08989287,0.2987429,-0.0011603832,-0.27545545,-0.25788638,0.013290539,0.12919347,-0.09049252,-0.06873474,0,-0.059824713,0.020825122,0.14208502,0.11831236,0.007627316,-0.18384153,-0.042151675,0.16065177
"(113.83986511037672, 22.730093065006383)",0.09001264,0.038695127,0.13023828,0,0.12643495,0.28993827,0.046598166,-0.0512333,0.12427753,0.029861324,0.05105962,-0.026853176,0.22579378,-0.021536998,0.13154256,0,-0.340364,-0.071598016,-0.028197952,-0.37830663,-0.13428238,0.08561863,0.23095477,-0.12500294,0.114194766,0.04051882,0.3991844,-0.07278638,-0.09515733,-0.14647108,0.02026552,-0.20824061,-0.092010215,0.14415574,-0.036940485,-0.051406775,0.025445126,0.050542608,0.14434646,0.054984685,0.07608101,0.028282769,-0.03295311,-0.18869248,0.26027492,0.21028243,0.091226935,0.06750272,-0.01977494,-0.25144866,0.046602488,0.005657565,-0.095369995,-0.05941514,-0.15553264,-0.04052407,-0.34609175,0.22124907,0.11058089,-0.12462771,0.09791285,0.105862916,-0.22431739,-0.002168119,0,0,-0.0759276,0.09566039,-0.03282536,0.14792323,-0.07923228,-0.05306278,-0.03881045,0.08789057,0.29726797,-0.0016636252,-0.27328828,-0.2568917,0.0106434375,0.13025711,-0.09093593,-0.06612518,0,-0.060712896,0.020400982,0.14147732,0.11662364,0.006157659,-0.18309689,-0.04229387,0.16141908
"(113.83995382601772, 22.730455134940343)",0,0,0,0,0,0,0,0,0,0,0,0,0,0,0,0,0,0,0,0,0,0,0,0,0,0,0,0,0,0,0,0,0,0,0,0,0,0,0,0,0,0,0,0,0,0,0,0,0,0,0,0,0,0,0,0,0,0,0,0,0,0,0,0,0,0,0,0,0,0,0,0,0,0,0,0,0,0,0,0,0,0,0,0,0,0,0,0,0,0,0
"(113.84009559121066, 22.72979014450255)",0.088857695,0.03171709,0.1257473,0,0.12794755,0.28278708,0.049712926,-0.057686828,0.12778085,0.027472451,0.051159635,-0.028426165,0.22310513,-0.02481272,0.13311794,0,-0.33405307,-0.072822385,-0.02460992,-0.3748702,-0.12758976,0.08368665,0.2306361,-0.12303944,0.10914834,0.036243483,0.39445534,-0.07271884,-0.09742873,-0.14147273,0.016619273,-0.20513941,-0.090129286,0.14930998,-0.03296995,-0.050589968,0.026276663,0.048637047,0.1403582,0.058165397,0.07432136,0.027248234,-0.031263452,-0.1859624,0.2602401,0.19979352,0.089921996,0.075428754,-0.03018884,-0.2449736,0.04326985,0.006346237,-0.097245015,-0.0563242,-0.15583844,-0.03876138,-0.33910605,0.22420865,0.10869119,-0.12565787,0.102217555,0.1060186,-0.2194976,-0.0014684796,0,0,-0.06900254,0.094766825,-0.032477416,0.1403233,-0.07324167,-0.051616073,-0.033107895,0.08438557,0.29111806,-0.003898099,-0.26966676,-0.25506997,0.0059123486,0.13083635,-0.09067446,-0.06208738,0,-0.06180297,0.020032573,0.13871098,0.11251311,0.0020257458,-0.18072374,-0.043601163,0.16393633
"(113.84029561028052, 22.71432752106541)",0.069489256,-0.073138624,0.04069016,0,0.10623734,0.11450954,0.10088749,-0.18715802,0.21116924,-0.020931609,0.04991521,-0.062280055,0.16977426,-0.069744,0.14812931,0,-0.12627798,-0.0422823,0.06675631,-0.2898009,0.010160886,0.028946046,0.18438306,-0.085937396,-0.0027444176,-0.121991746,0.25258228,-0.0046490207,-0.1704477,-0.006437389,-0.050706264,-0.054436695,-0.035658702,0.21119425,0.04152143,-0.020356368,0.03965267,0.045338348,0.060603067,0.13507338,0.022362173,-0.05485692,0.012630735,-0.110037036,0.27872837,-0.01054848,0.06613259,0.22274645,-0.28115624,-0.06775524,-0.021003505,0.048103,-0.12945315,0.007351542,-0.15583435,0.061864536,-0.20663297,0.24284884,0.025179185,-0.17608863,0.22872594,0.112513095,-0.11415456,-0.022856563,0,0,0.100779906,0.0795037,0.026945852,-0.09841888,0.13937205,0.0039702207,0.07427946,0.0053154454,0.14945485,-0.06763278,-0.16244581,-0.14362943,-0.12304382,0.13464554,-0.04408113,0.062041573,0,-0.06050098,0.029773954,0.05442831,0.018323688,-0.11882124,-0.10016383,-0.041562356,0.22679694
"(113.84030171372964, 22.728874432606496)",0.083596066,0.0077925622,0.109555565,0,0.13414694,0.2576411,0.06129235,-0.07948197,0.14000213,0.020995416,0.051562592,-0.034432907,0.21295875,-0.035926566,0.13835233,0,-0.31315514,-0.07821613,-0.011650257,-0.36496145,-0.107017644,0.07784344,0.22957782,-0.11786334,0.09200074,0.022220805,0.37993097,-0.073617406,-0.10435436,-0.1244673,0.004202798,-0.19595644,-0.08350229,0.16648957,-0.01733306,-0.04890832,0.02793416,0.038336173,0.1275515,0.06848992,0.06911521,0.025561512,-0.023245912,-0.17664076,0.2589868,0.16551976,0.08467877,0.10424891,-0.06501432,-0.22482195,0.03240385,0.009348284,-0.10353642,-0.046163835,-0.1592872,-0.034683917,-0.3141925,0.23294792,0.10276755,-0.12846231,0.11685918,0.107893586,-0.20246707,0.0026093721,0,0,-0.046204276,0.092642285,-0.031851538,0.11690427,-0.0540914,-0.046728775,-0.013751555,0.07199135,0.27087852,-0.011433393,-0.2600468,-0.25024393,-0.00944747,0.13127963,-0.08944051,-0.050495274,0,-0.0646813,0.019417744,0.12881109,0.09862727,-0.012633838,-0.17270514,-0.049142383,0.17201202
"(113.8405404496809, 22.72906866121977)",0.08596738,0.0154622495,0.11465997,0,0.13224941,0.26607108,0.05787316,-0.073117055,0.13537788,0.022863083,0.051274583,-0.032440785,0.2169897,-0.03235185,0.13697085,0,-0.31989208,-0.07618828,-0.015627798,-0.36770946,-0.11317793,0.07946028,0.23007764,-0.119488746,0.09709279,0.025732398,0.3845141,-0.073530324,-0.10287791,-0.12974271,0.008173585,-0.19883062,-0.08549674,0.16099162,-0.022858351,-0.04897053,0.028183162,0.04236172,0.13189483,0.06546127,0.07011765,0.025617234,-0.027156767,-0.1796271,0.2601487,0.17612,0.08649349,0.09439139,-0.05510388,-0.23193109,0.03597904,0.008528318,-0.10181447,-0.048929475,-0.15754567,-0.03552458,-0.32323542,0.23035416,0.10494957,-0.12896287,0.111800656,0.106851906,-0.2086597,0.0011206567,0,0,-0.053087674,0.09369187,-0.031384118,0.12402636,-0.059648864,-0.048285916,-0.020284373,0.07513725,0.27799988,-0.008754939,-0.26231736,-0.25113842,-0.005984023,0.13182081,-0.09002331,-0.05290676,0,-0.06394131,0.019601714,0.13218945,0.10269193,-0.008510552,-0.17528029,-0.04702363,0.16951182
"(113.84108354467917, 22.728718442519604)",0.08593346,0.011225432,0.11141334,0,0.13360633,0.26209462,0.060604885,-0.07824331,0.1363577,0.021626376,0.051108018,-0.033522755,0.21641472,-0.034171738,0.13830718,0,-0.3160988,-0.07670349,-0.012683738,-0.36540818,-0.10901535,0.07807422,0.23034848,-0.118723735,0.09325771,0.021356486,0.38200343,-0.07424981,-0.105381586,-0.12630686,0.0059817582,-0.1970876,-0.08387977,0.16407923,-0.0206635,-0.047921997,0.029711656,0.04114206,0.13018163,0.06766104,0.06801155,0.024826594,-0.027797263,-0.17792052,0.2613238,0.1694464,0.08551051,0.098582745,-0.0635898,-0.22962964,0.034273207,0.009334113,-0.10352562,-0.0462382,-0.15746514,-0.0341256,-0.320584,0.23205522,0.10443065,-0.13195848,0.11387178,0.10659337,-0.20690058,0.0017920434,0,0,-0.048344612,0.09414458,-0.029884018,0.11941453,-0.055250995,-0.047317192,-0.017439727,0.0711888,0.27564982,-0.009526923,-0.25947505,-0.24911115,-0.011584207,0.13291062,-0.08991794,-0.04880918,0,-0.06473357,0.019731332,0.13071463,0.09939855,-0.012430944,-0.17381017,-0.0475567,0.1710683
"(113.8411236937814, 22.72991862960373)",0.09371732,0.04308322,0.13288233,0,0.12611853,0.29623708,0.04565531,-0.049756847,0.118146434,0.030475609,0.050060436,-0.025531264,0.23131874,-0.01948461,0.1319049,0,-0.34610233,-0.069873676,-0.030464932,-0.37788922,-0.13655373,0.085675925,0.23188974,-0.12586688,0.11544147,0.039844498,0.40127218,-0.07491683,-0.09664779,-0.14917465,0.022016704,-0.21097426,-0.092904374,0.14154589,-0.042221963,-0.0496709,0.028850969,0.05489357,0.1475422,0.05383798,0.074252814,0.027816042,-0.041282605,-0.19088508,0.2629894,0.21496019,0.092672884,0.059150264,-0.017843392,-0.25819743,0.04916261,0.0050957166,-0.095449865,-0.05947569,-0.15185842,-0.03979333,-0.3548047,0.22078158,0.11321028,-0.12982906,0.0921074,0.1032383,-0.23095326,-0.0034276843,0,0,-0.07908868,0.09762998,-0.0306736,0.15247856,-0.08236677,-0.054292887,-0.043905083,0.08623587,0.30427235,0.0010984838,-0.27202633,-0.2557962,0.008066937,0.13314052,-0.092897035,-0.063322686,0,-0.061727487,0.020061333,0.14440882,0.11768736,0.0071780905,-0.18467796,-0.039987102,0.15961722
"(113.84253291323068, 22.71178183772002)",0.1103497,0.040361673,0.10871657,0,0.044107374,0.19954996,0.081240475,-0.1352573,0.1723978,0.011577688,0.07087077,-0.043185692,0.23266411,-0.021929167,0.09405994,0,-0.12331306,0.04589905,0.027713638,-0.30937818,-0.07034723,0.022933487,0.1696572,-0.12814778,0.047753055,-0.18666884,0.30889902,0.06551238,-0.19810855,-0.02435208,0.0074735507,-0.02346836,-0.056191348,0.101862356,0.0022280812,-0.01174682,0.04028805,0.14507158,0.13226496,0.1280488,0.00940609,-0.14343148,-0.006667014,-0.13646632,0.3527949,0.11873127,0.10804577,0.099828616,-0.2667006,-0.173831,0.013255829,0.073328465,-0.12910844,-0.030429317,-0.12567179,0.11231837,-0.37751257,0.16824456,0.012819997,-0.249095,0.2452189,0.12519234,-0.21123196,-0.07426658,0,0,0.064231955,0.1075069,0.10756596,-0.124906346,0.19089198,0.0077613816,-0.008584101,0.026506133,0.23995301,-0.044409394,-0.16597709,-0.077155426,-0.15845972,0.13176982,-0.026220465,0.10498937,0,-0.020303704,0.05037302,0.06358721,0.044679,-0.1565327,-0.087211445,0.018534435,0.2458155
"(113.8459909539568, 22.689497398249955)",0.003245201,-0.13232726,0.016890338,0,0.11854707,0.0405324,0.11865178,-0.26303586,0.16813463,0.0057959184,0.046215042,-0.09288416,0.17906272,-0.083777346,0.071964316,0,-0.11856953,-0.0058296733,0.03903538,-0.10913544,0.064528726,-0.039563723,0.20828435,-0.041783344,-0.0962532,-0.16551152,0.1314471,-0.108130045,-0.19344336,0.076570556,-0.11577575,-0.08159149,-0.008402895,0.30828285,0.06617737,-0.0023834072,0.05292326,0.046362087,0.014396705,0.0951495,-0.039623678,0.028374262,-0.10754573,-0.13797131,0.28655237,-0.15274031,0.01924219,0.20475794,-0.40542623,0.028955963,-0.046286352,-0.050119374,-0.17521958,-0.010746522,-0.094833,0.14157186,-0.17860353,0.23353216,-0.023791358,-0.18942294,0.18113998,0.07330243,-0.1491362,-0.039405704,0,0,0.103851125,0.033221915,0.08883508,-0.113394186,0.058875427,0.008771017,0.11087185,-0.08911144,0.14286853,-0.05657327,-0.13449396,-0.11059344,-0.19445561,0.15666623,-0.11452353,0.08793806,0,-0.16647479,0.0311861,0.032929078,-0.032969996,-0.16739044,-0.054698795,-0.033383593,0.21587683
"(113.84778332221902, 22.717390210040808)",0.07896444,0.0023231804,0.032180764,0,0.11146663,0.16922237,0.07481766,-0.1593425,0.19687928,0.010175452,0.030347377,-0.04441652,0.19562298,-0.026991047,0.16491514,0,-0.117934205,-0.048179068,0.13931489,-0.36337864,-0.05564276,0.07637036,0.24614727,-0.10725333,-0.0006587468,-0.099397086,0.329947,-0.044330664,-0.14728364,-0.05067411,0.02426751,-0.04290185,-0.00914662,0.18448935,-0.016292155,-0.026609998,-0.008621339,-0.01563932,0.11791369,0.09012617,0.004299104,0.005384214,0.01354583,-0.12819302,0.3199957,0.08823111,-0.022721387,0.19439887,-0.18842234,-0.12080033,-0.0011680778,0.0791786,-0.10646483,0.014670046,-0.2330233,0.010963485,-0.26908547,0.2087903,0.06979654,-0.19089025,0.1995186,0.11836925,-0.14870118,0.010751456,0,0,0.028314576,0.13665514,0.060491495,-0.008348595,0.11000216,0.01210501,0.02000713,-0.014699481,0.2106859,0.0021110475,-0.2305445,-0.14804485,-0.16346675,0.13907504,0.0381091,0.032387875,0,-0.03314528,0.09766552,0.10200383,0.021618737,-0.11903257,-0.18675035,-0.044696003,0.18884207
"(113.84911633552213, 22.77376297981668)",0.0018366314,0.055101216,0.13649586,0,0.16747399,0.38521275,0.08054483,0.05836322,0.07015287,0.1312797,0.115045086,-0.022029532,0.1517637,0.04790134,-0.029017903,0,-0.40548065,-0.10235147,-0.09774983,-0.41246516,-0.26084656,0.10342209,0.24656782,-0.19793424,0.25872833,0.09358683,0.55820346,-0.0911367,-0.006145291,-0.22984311,0.1005569,-0.38546723,-0.11684081,0.018752769,0.06377113,-0.098920435,0.0009991825,-0.044107243,0.27620116,-0.06386186,0.13206887,0.102862574,0.06975196,-0.18487139,0.23601729,0.3536958,0.12347184,-0.05054702,0.09107408,-0.55303425,0.11692995,-0.08068304,-0.11288782,-0.10670757,-0.17229177,-0.16801533,-0.46665925,0.07926116,0.18633886,-0.06942355,0.047533065,0.14674789,-0.28996843,0.0547868,0,0,-0.18863389,0.0889752,-0.020187445,0.30963758,-0.21121162,-0.08216679,-0.14387032,0.10094776,0.41377902,0.035667464,-0.338502,-0.28650218,-0.00089366734,0.0124671105,-0.13162781,-0.2096293,0,-0.01777558,0.031871933,0.14024577,0.1372982,-0.039800145,-0.123455256,-0.04758288,0.13083309
"(113.84947740757984, 22.718596762893288)",0.06886488,0.018820584,0.080098994,0,0.14287198,0.22780369,0.086366266,-0.13101697,0.121220574,0.05451753,0.04050818,-0.05055993,0.23471123,-0.02181939,0.13422409,0,-0.28163853,-0.06644268,0.043288935,-0.3577399,-0.12256146,0.07736632,0.2535525,-0.13953415,0.03707399,-0.041065015,0.37693405,-0.12105293,-0.13221207,-0.08754839,0.0056215897,-0.1763749,-0.04308752,0.17712507,-0.015479147,-0.04206523,0.020001668,-0.01925008,0.13886565,0.06014501,0.028918669,0.060833447,-0.047489014,-0.18052566,0.29118115,0.15182121,0.030450165,0.12084478,-0.12811291,-0.22705078,0.03389018,0.023351844,-0.11463456,-0.03634926,-0.19125547,-0.022783037,-0.32895294,0.20911711,0.09978574,-0.18599379,0.112164676,0.11529915,-0.22362734,0.018361509,0,0,-0.04419162,0.12955578,0.025783472,0.12440171,-0.044703715,-0.03238693,-0.019424547,-0.0031630918,0.30235758,0.00934051,-0.28113338,-0.21964741,-0.09806107,0.13820033,-0.058054686,-0.0323681,0,-0.06893387,0.06321786,0.12635174,0.06478849,-0.07340615,-0.18133798,-0.052735984,0.16445687
"(113.85010216984654, 22.718924927090395)",0.06816587,0.023843229,0.08189466,0,0.14347897,0.23080261,0.08504872,-0.12753013,0.117249936,0.058980465,0.040235817,-0.049407423,0.23760515,-0.019351564,0.12860477,0,-0.28337196,-0.06476052,0.041339386,-0.35518456,-0.12907878,0.077347636,0.2559395,-0.14126867,0.036671985,-0.03929367,0.38026446,-0.12632337,-0.1298311,-0.08928864,0.010295369,-0.18129638,-0.043221302,0.17450318,-0.019120425,-0.042949844,0.015393354,-0.019700125,0.14287126,0.05421223,0.026818782,0.065297015,-0.05048011,-0.18463947,0.29262298,0.15750489,0.025426298,0.116212696,-0.12321362,-0.23381203,0.03455793,0.021236535,-0.11364577,-0.040585563,-0.19088441,-0.025601674,-0.33591026,0.2033009,0.10134301,-0.18624459,0.1066758,0.11539598,-0.22921167,0.018280834,0,0,-0.052224584,0.13054553,0.027941637,0.13183716,-0.053448267,-0.033434868,-0.023690764,-0.004079111,0.30857542,0.014338493,-0.2868671,-0.22050703,-0.09894349,0.13741346,-0.057795897,-0.03512589,0,-0.06866413,0.06664519,0.12911162,0.065667406,-0.07467576,-0.18567702,-0.05114332,0.16116145
"(113.85058656048749, 22.72283290030872)",0.119633555,0.14175579,0.13398576,0,0.06227244,0.29590684,0.06004864,-0.051900096,0.10895415,0.0822387,0.062350437,-0.018032828,0.27962402,0.027113535,0.053405352,0,-0.18766198,0.043862067,0.019546345,-0.35735238,-0.2043443,0.058782104,0.21102266,-0.17614062,0.0828224,-0.13404453,0.4216704,-0.000628002,-0.15096214,-0.098608136,0.10154735,-0.10789827,-0.06875394,0.02889368,-0.05555314,-0.03248028,-0.019347724,0.10754417,0.22822,0.04301432,0.0009803325,-0.07333995,-0.027992692,-0.19045697,0.37371346,0.28024942,0.046363696,0.017860875,-0.1317799,-0.34477022,0.05154652,0.07535219,-0.10436217,-0.0729579,-0.1647511,0.028801635,-0.50845015,0.0808075,0.074719526,-0.25693816,0.15440992,0.13502361,-0.2997437,-0.05053872,0,0,-0.071886696,0.15777707,0.12650034,0.041767925,0.06636517,-0.011494182,-0.106171936,0.02430103,0.36716828,0.04095477,-0.2760794,-0.11222018,-0.15542094,0.11246441,-0.0022011045,0.045795195,0,0.0117536485,0.10088302,0.11959229,0.076616004,-0.15016904,-0.17196722,0.03466305,0.18766917
"(113.8517227144006, 22.722070198258628)",0.059974205,0.012741357,0.074351005,0,0.15111247,0.23740484,0.09423062,-0.12731105,0.11049022,0.0647875,0.052263126,-0.04742735,0.23130661,-0.01819288,0.10463489,0,-0.28200918,-0.06658018,0.033898987,-0.33937636,-0.1262472,0.071693346,0.26432872,-0.14168555,0.043612886,-0.042773925,0.39147502,-0.13390005,-0.12292398,-0.09343453,0.016300656,-0.20370643,-0.04861244,0.17251888,-0.0047817826,-0.04167607,0.019679334,-0.0206054,0.1551922,0.04169819,0.022092432,0.07227528,-0.049976926,-0.18413626,0.3007331,0.15043831,0.02571641,0.10233477,-0.13448413,-0.26940483,0.032797016,0.0045843087,-0.12578562,-0.039697178,-0.1829962,-0.03585465,-0.35452962,0.1927336,0.11038185,-0.18923092,0.102548346,0.113772586,-0.24151357,0.021818101,0,0,-0.055510484,0.12852861,0.0396237,0.13730505,-0.062293373,-0.0350568,-0.029422197,-0.016637512,0.31751284,0.025242269,-0.2804264,-0.21448994,-0.12200937,0.12796655,-0.06935436,-0.03150276,0,-0.073778965,0.06470756,0.12723202,0.05477196,-0.09297436,-0.17243885,-0.04553496,0.16471851
"(113.85174112803664, 22.7221156818462)",0.06019206,0.013193756,0.07473857,0,0.15089498,0.23776956,0.094131485,-0.1267797,0.11026316,0.06497921,0.052351356,-0.047286574,0.23153514,-0.018094294,0.10417225,0,-0.2820555,-0.06618188,0.033355325,-0.339186,-0.12674904,0.07152578,0.26401678,-0.14185765,0.04389148,-0.042877212,0.3916747,-0.13355875,-0.12289565,-0.093564436,0.01662296,-0.20389204,-0.048922785,0.1718716,-0.004919082,-0.041728716,0.019495152,-0.019938692,0.15556434,0.041542236,0.022082806,0.071776524,-0.050047513,-0.1843374,0.30082506,0.1510685,0.02597712,0.10182835,-0.13433635,-0.27016875,0.0329128,0.0046444796,-0.12571178,-0.040065035,-0.18264464,-0.03576112,-0.3553161,0.1921387,0.11032087,-0.18936513,0.10242793,0.113831654,-0.24193518,0.02150479,0,0,-0.05583407,0.12850015,0.039758228,0.13727662,-0.062335514,-0.03513161,-0.029825795,-0.01633247,0.31791115,0.025326744,-0.2805594,-0.21433443,-0.12181643,0.12782542,-0.06951618,-0.031340696,0,-0.073499896,0.06466911,0.12723416,0.055008158,-0.09309029,-0.17241167,-0.04517279,0.16471793
"(113.851816448767, 22.72177247312277)",0.058249976,0.010473341,0.07196476,0,0.15268779,0.23473407,0.09517826,-0.13051853,0.11088553,0.06493304,0.051776886,-0.048305806,0.2305381,-0.018709026,0.10564908,0,-0.28154948,-0.068333074,0.036637828,-0.3388006,-0.1243634,0.07210912,0.26635858,-0.14114776,0.04085957,-0.04276322,0.39027768,-0.13749835,-0.122918986,-0.09205274,0.014832921,-0.20375296,-0.046749875,0.17612107,-0.0039915442,-0.04151843,0.0197477,-0.024911001,0.1535511,0.041527856,0.021171391,0.076138094,-0.05039763,-0.18384238,0.30041692,0.14676942,0.022909477,0.10516222,-0.13614161,-0.26629567,0.03186337,0.003811922,-0.12637106,-0.038521856,-0.18472598,-0.03664648,-0.35097343,0.19462097,0.110610105,-0.18907414,0.102188885,0.113561496,-0.24019502,0.023593783,0,0,-0.054786853,0.12893902,0.0397503,0.13844019,-0.06369587,-0.03470829,-0.0274618,-0.019558452,0.3162597,0.02563332,-0.28082266,-0.21516126,-0.12409206,0.1284239,-0.06875756,-0.03233687,0,-0.07555896,0.065630704,0.12723207,0.052975044,-0.093646295,-0.1728937,-0.04721018,0.16424407
"(113.85226804355432, 22.72204484887792)",0.05891728,0.01378563,0.07422524,0,0.15161721,0.2357442,0.09523389,-0.12724447,0.108229205,0.06815896,0.052532747,-0.04746929,0.23270959,-0.018177696,0.09948742,0,-0.28071627,-0.06453799,0.03225585,-0.33430558,-0.12912095,0.06978412,0.2643057,-0.14294656,0.04065578,-0.044794247,0.39119923,-0.13741311,-0.12250634,-0.09151141,0.017632283,-0.20652302,-0.04877794,0.17147507,-0.0046343207,-0.042130474,0.016605828,-0.020830587,0.15672207,0.038860846,0.01941076,0.073850594,-0.051794287,-0.18646057,0.30136615,0.15043968,0.022534445,0.102087766,-0.1371415,-0.27330345,0.031894155,0.0036280118,-0.1261665,-0.04263071,-0.18167953,-0.036225382,-0.35762614,0.18784052,0.109658726,-0.19092193,0.10014373,0.11430654,-0.24452679,0.021204919,0,0,-0.058456324,0.12892683,0.04219427,0.1389279,-0.066065304,-0.03522788,-0.03046194,-0.019296251,0.32012406,0.027434647,-0.2834121,-0.21343404,-0.124490455,0.12670363,-0.070342585,-0.030724593,0,-0.073739916,0.06650489,0.12695622,0.05367942,-0.09706543,-0.17295772,-0.043943085,0.16371857
"(113.8524580863241, 22.73201123763933)",0.1294476,0.17842859,0.20644891,0,0.047240455,0.3637374,0.028242007,0.04471641,0.0355426,0.104444824,0.06417745,-0.0022905082,0.29615414,0.03162145,0.010043584,0,-0.3235121,0.06290981,-0.11510734,-0.31820285,-0.25111753,0.043154914,0.15809774,-0.17945479,0.14850251,-0.05665093,0.42062807,-0.002966918,-0.11569672,-0.14633134,0.09320358,-0.19905224,-0.13247061,-0.03250195,-0.0726012,-0.046382133,0.004751887,0.17907502,0.24649829,0.014006611,0.03691662,-0.07952512,-0.089984,-0.2258732,0.30805492,0.3642121,0.13261564,-0.08862184,-0.027029496,-0.42986917,0.09546722,0.03307947,-0.08655526,-0.12894975,-0.08339733,0.027765002,-0.56078494,0.04568591,0.07843833,-0.22162098,0.059362322,0.11079313,-0.355601,-0.07959092,0,0,-0.14656216,0.12227741,0.079673,0.13376105,-0.052353017,-0.047977105,-0.16287881,0.08618588,0.4204518,0.023226,-0.28479442,-0.14957379,-0.028067753,0.09492344,-0.097874425,0.0070154592,0,-0.0010256469,0.037951674,0.12679294,0.14517717,-0.06934637,-0.14315176,0.059555177,0.15324633
"(113.8528141635792, 22.72113514742812)",0.052946087,0.0062161684,0.06688801,0,0.15666889,0.22567733,0.09807475,-0.13726139,0.10907332,0.06926804,0.05108258,-0.050092988,0.23050103,-0.020589061,0.10024432,0,-0.27853435,-0.06920486,0.039239593,-0.32869765,-0.123148,0.06974867,0.2703961,-0.14070986,0.030187625,-0.044542335,0.38576916,-0.15035236,-0.12184665,-0.085985005,0.012944818,-0.2078916,-0.043394014,0.18353096,-0.0024194717,-0.041809183,0.015144918,-0.033377007,0.15085593,0.037186194,0.015418574,0.08666078,-0.05415639,-0.18676838,0.2998125,0.13718544,0.012274042,0.11162494,-0.1432937,-0.26289257,0.027649695,7.399544e-05,-0.1279797,-0.040660292,-0.18550356,-0.038551796,-0.34613842,0.19254336,0.10937757,-0.1898022,0.09791461,0.11344758,-0.24083523,0.025950104,0,0,-0.057298392,0.12918612,0.04261615,0.14239217,-0.07285922,-0.034353815,-0.023572598,-0.028760783,0.31566355,0.029207304,-0.28546545,-0.21557984,-0.13056168,0.12782395,-0.06960219,-0.033032425,0,-0.08002883,0.06953034,0.12675524,0.047675908,-0.09999303,-0.17469637,-0.04851398,0.16184233
"(113.85404967402069, 22.721980682017072)",0.054657664,0.011702031,0.07268002,0,0.151869,0.22271548,0.09868722,-0.12909928,0.105932824,0.07592898,0.054349363,-0.047747012,0.23354426,-0.021945842,0.08020023,0,-0.26789752,-0.056125015,0.025576826,-0.3104528,-0.13186249,0.059873465,0.2609824,-0.14353074,0.027453844,-0.05337684,0.383245,-0.14482698,-0.121411435,-0.080197796,0.01959037,-0.21162724,-0.049800336,0.17086749,-0.0016673207,-0.043523517,0.004148159,-0.017020807,0.15657037,0.031927023,0.009851098,0.074055955,-0.05415083,-0.19235809,0.30165356,0.14066531,0.012151048,0.108231544,-0.15299997,-0.2769521,0.024143675,0.00024392828,-0.12757847,-0.05290091,-0.17394193,-0.03414234,-0.3606465,0.17264856,0.10249283,-0.1934166,0.09765376,0.11633438,-0.24875228,0.016354382,0,0,-0.0628314,0.12571661,0.04913249,0.13302955,-0.07290628,-0.034632526,-0.027659763,-0.025827073,0.31945547,0.031164438,-0.28926864,-0.20775121,-0.13139363,0.121824384,-0.074077085,-0.024622,0,-0.07346443,0.070927784,0.12272241,0.04823734,-0.11272807,-0.17205974,-0.03799641,0.1633608
"(113.85407745160286, 22.722006394622472)",0.054759648,0.011888266,0.072892584,0,0.15169472,0.22269608,0.09868845,-0.12881655,0.105855085,0.076083295,0.054447576,-0.047665965,0.23363113,-0.021975137,0.07966339,0,-0.2675954,-0.0557248,0.025159903,-0.30999833,-0.13211545,0.05959602,0.26066738,-0.14361744,0.027455349,-0.0536417,0.38320583,-0.1445454,-0.1214237,-0.080062225,0.019796051,-0.21168776,-0.05000823,0.17042924,-0.001652658,-0.04357185,0.0038685612,-0.016461626,0.15675843,0.03182486,0.009732261,0.07357628,-0.054120522,-0.19248872,0.3017155,0.14083679,0.012245104,0.108087316,-0.15325826,-0.27739137,0.024079109,0.00029232726,-0.12755308,-0.05323451,-0.17358859,-0.033984173,-0.36111307,0.1720828,0.10229797,-0.19353382,0.09769489,0.11642124,-0.24897532,0.016054362,0,0,-0.06295432,0.12561147,0.049301736,0.13269466,-0.07280172,-0.03464126,-0.027808879,-0.025663145,0.31956553,0.03117925,-0.28932714,-0.20750758,-0.13138004,0.12166132,-0.07419874,-0.024352051,0,-0.073224396,0.070937574,0.12260436,0.048297405,-0.1130616,-0.17196365,-0.037680686,0.16343157
"(113.85418693317412, 22.721476129853944)",0,0,0,0,0,0,0,0,0,0,0,0,0,0,0,0,0,0,0,0,0,0,0,0,0,0,0,0,0,0,0,0,0,0,0,0,0,0,0,0,0,0,0,0,0,0,0,0,0,0,0,0,0,0,0,0,0,0,0,0,0,0,0,0,0,0,0,0,0,0,0,0,0,0,0,0,0,0,0,0,0,0,0,0,0,0,0,0,0,0,0
"(113.85420966157784, 22.721756320117827)",0.05308264,0.0015261769,0.072719954,0,0.16129398,0.2146369,0.09258634,-0.12817436,0.10921051,0.070869856,0.04647617,-0.046343178,0.22855675,-0.029090278,0.08348846,0,-0.2681306,-0.06387069,0.024264488,-0.29975417,-0.12525582,0.05842984,0.2671914,-0.13310654,0.017959584,-0.03248304,0.3764916,-0.1595088,-0.1139727,-0.07863945,0.019385733,-0.21960425,-0.04653399,0.18654682,-0.010809958,-0.048400175,-0.010109257,-0.01927729,0.14618206,0.026689846,0.010289192,0.087626226,-0.05813157,-0.19706924,0.29018807,0.1278083,-0.0027386546,0.12322424,-0.14311796,-0.25657988,0.017638424,-0.0056652464,-0.119962424,-0.057225034,-0.1714044,-0.042870197,-0.34132797,0.18034792,0.10468294,-0.17574954,0.08862914,0.11267063,-0.23827551,0.021189213,0,0,-0.070957646,0.11495696,0.029553227,0.14083815,-0.094541244,-0.038715288,-0.01757199,-0.014938675,0.3074109,0.03242974,-0.29682985,-0.22479081,-0.11523439,0.12887119,-0.07561972,-0.035945006,0,-0.076851696,0.073431954,0.13090754,0.05293651,-0.09929114,-0.19239804,-0.04690756,0.15417185
"(113.85687029937056, 22.728804330172714)",0.13907655,0.26901263,0.2270874,0,-0.034252483,0.3380044,0.023369193,0.094370656,0.029619716,0.16665658,0.07894705,0.0041518672,0.32024845,0.04591564,-0.08492594,0,-0.21435213,0.18215892,-0.13893037,-0.26079997,-0.33067986,0.00024306029,0.078683406,-0.21962802,0.12378205,-0.17271316,0.39348042,0.08209898,-0.13255736,-0.09565917,0.13363546,-0.12021951,-0.16048649,-0.15194806,-0.048773438,-0.05024417,-0.055077862,0.24592875,0.30007648,0.005129102,-0.005685739,-0.18122941,-0.0668226,-0.23950577,0.3418185,0.44107187,0.12644023,-0.114969686,-0.09379092,-0.4938687,0.095798254,0.09926048,-0.08418029,-0.17937298,-0.078664795,0.10510145,-0.6567598,-0.11548854,0.0041926214,-0.2867616,0.0987339,0.14279078,-0.40413046,-0.14233404,0,0,-0.15849495,0.15356235,0.19135845,0.048501663,0.04720553,-0.012617841,-0.21090508,0.0656554,0.45043123,0.030311145,-0.3147008,-0.03584644,-0.062356383,0.03594614,-0.062244706,0.09349703,0,0.06130097,0.06702742,0.06952367,0.13737424,-0.174734,-0.091084495,0.14328627,0.17331907
"(113.85713487648223, 22.72829516006561)",0.13504392,0.26416066,0.22045355,0,-0.03400885,0.32660478,0.025414065,0.0880756,0.03573198,0.16788009,0.07916978,0.002885019,0.31678823,0.042819284,-0.08944484,0,-0.197824,0.18494187,-0.13166732,-0.2522624,-0.32673383,-0.0032630377,0.08089414,-0.21715896,0.11324449,-0.1794956,0.38770816,0.080275826,-0.1330719,-0.08707291,0.1340532,-0.11349698,-0.1570536,-0.14640346,-0.044370085,-0.050684635,-0.06328659,0.24207981,0.29762113,0.004148084,-0.011671737,-0.17956388,-0.06256032,-0.23883191,0.34501415,0.43012905,0.115148544,-0.10367648,-0.10660474,-0.48497802,0.08927198,0.10087222,-0.08591194,-0.17892686,-0.082965285,0.10766111,-0.6509315,-0.11993729,-0.0005958872,-0.28703794,0.10545929,0.14476755,-0.39989954,-0.14186475,0,0,-0.15483814,0.15346994,0.19748795,0.038655788,0.053677946,-0.008746646,-0.20461154,0.059569277,0.44312844,0.032580204,-0.3166525,-0.030698944,-0.071495324,0.03429629,-0.05665777,0.09864358,0,0.06137208,0.072673574,0.06607977,0.13058335,-0.1852381,-0.09202489,0.14383465,0.17545277
"(113.85745294867267, 22.71310471792549)",0.07917836,0.05201444,0.09452834,0,0.11850473,0.22613902,0.08080575,-0.13393375,0.075189754,0.07558588,0.046768114,-0.040140297,0.2818879,-0.014669351,0.07011164,0,-0.2707205,-0.012421276,0.0074190684,-0.26509568,-0.12710902,0.04388338,0.24770407,-0.13732807,0.00039951876,-0.08694478,0.34059286,-0.1479927,-0.14258939,-0.06632044,0.01564423,-0.18345849,-0.054673873,0.16325682,-0.05053267,-0.020198863,0.020355962,0.04103057,0.14831924,0.034012485,-0.02263482,0.051201545,-0.12384726,-0.21287157,0.32334518,0.13838397,0.012051322,0.06390233,-0.16759983,-0.25179052,0.019133875,0.0012170784,-0.12714075,-0.0663519,-0.13224356,0.01550201,-0.39879018,0.167807,0.07744282,-0.23559663,0.07285535,0.09465715,-0.28762865,-0.024938881,0,0,-0.06951009,0.13202149,0.08682837,0.113561966,-0.07033955,-0.030511245,-0.041667227,-0.04839965,0.33733276,0.03994803,-0.2671835,-0.16740324,-0.14842814,0.14308678,-0.07996173,0.024321191,0,-0.09232863,0.069068566,0.12493456,0.043717533,-0.117190786,-0.16659075,-0.0026617807,0.1612019
"(113.85749152080878, 22.710729530328926)",0.08193481,0.021564096,0.10665149,0,0.16236626,0.24375884,0.06881237,-0.12588885,0.054776534,0.065210454,0.030996695,-0.03965969,0.28462848,-0.046051286,0.121645026,0,-0.3995023,-0.072093725,-0.029399484,-0.28449816,-0.12408779,0.06483039,0.2737134,-0.124218345,0.0051434822,0.02598963,0.35595816,-0.22491437,-0.10939696,-0.10110155,-0.022095375,-0.26561043,-0.07780026,0.2236962,-0.059698164,-0.03753646,0.035479616,0.006449923,0.11739546,0.037284914,0.010758609,0.12372918,-0.16062827,-0.24153362,0.26456204,0.14177205,0.023600727,0.078873664,-0.08437468,-0.24072397,0.02354301,-0.021332268,-0.11582955,-0.0740335,-0.13019426,-0.037098546,-0.34259844,0.23830852,0.11212598,-0.18350172,0.0084979385,0.07786186,-0.28147525,0.011438161,0,0,-0.10694249,0.1197761,-0.004919566,0.22572751,-0.19205725,-0.06277932,-0.023397852,-0.015917651,0.33860245,0.039671868,-0.30519614,-0.2681689,-0.042721197,0.1640548,-0.13782348,-0.034844406,0,-0.13205871,0.03092793,0.15689161,0.080548815,-0.021377139,-0.20471674,-0.04388401,0.1323257
"(113.85762261990378, 22.710948677728616)",0.08029115,0.018513948,0.10421065,0,0.16334446,0.23923658,0.069857314,-0.12849364,0.05688321,0.06485588,0.031081304,-0.040242776,0.28289488,-0.047457896,0.12075364,0,-0.39548954,-0.07291948,-0.02759229,-0.2817427,-0.12163863,0.06397657,0.27412298,-0.12319966,0.0018730946,0.025056355,0.3534942,-0.22641423,-0.10912839,-0.098620936,-0.022979401,-0.2648702,-0.0766318,0.2266252,-0.058277786,-0.03756537,0.033665106,0.0043074638,0.115272306,0.0371753,0.009540774,0.12511462,-0.15896396,-0.24096784,0.26404282,0.1364463,0.020603716,0.08363308,-0.08790776,-0.23690858,0.021028401,-0.021798182,-0.11624237,-0.07381147,-0.13084309,-0.03750362,-0.33836913,0.23873273,0.110979505,-0.18241754,0.009930745,0.07828909,-0.27881986,0.011867762,0,0,-0.10530374,0.11898078,-0.004981406,0.2232764,-0.1915997,-0.062124625,-0.02025177,-0.01762823,0.33520612,0.03953235,-0.30519563,-0.26791757,-0.044419408,0.16355142,-0.13704315,-0.03448779,0,-0.13263571,0.031802285,0.15582553,0.07833553,-0.023591034,-0.20476311,-0.04458999,0.1327736
"(113.85831990618252, 22.72794848568245)",0.12820219,0.2658587,0.21732241,0,-0.048787657,0.30311644,0.024347872,0.09317263,0.04376757,0.17824882,0.08241284,0.0023025027,0.3095006,0.035073526,-0.11453692,0,-0.16167614,0.21015924,-0.13665698,-0.22083792,-0.3290051,-0.019850198,0.064621896,-0.21466365,0.09601502,-0.19927806,0.36648154,0.09429904,-0.13202637,-0.06520423,0.13457212,-0.093967974,-0.16318503,-0.15659282,-0.028088957,-0.054659437,-0.08439393,0.2536173,0.2976896,0.0022306624,-0.022970952,-0.19518185,-0.053698745,-0.24029744,0.34460145,0.42323858,0.10553974,-0.09174153,-0.13276693,-0.47680277,0.07993639,0.110142335,-0.08737543,-0.18959226,-0.081716776,0.12771146,-0.64959383,-0.15316007,-0.024271123,-0.288334,0.11931783,0.15036462,-0.39828128,-0.1533077,0,0,-0.15177086,0.15028329,0.21742982,0.0097323,0.07414265,0.0013763681,-0.20025994,0.05511125,0.42977837,0.030885205,-0.32195398,-0.007905427,-0.07420865,0.01927297,-0.052708372,0.11872696,0,0.06829153,0.07684684,0.047762327,0.12413955,-0.20956817,-0.07805166,0.15865172,0.18140616
"(113.8838172397166, 22.662505211818544)",0.108157024,0.3353482,0.20897426,0,-0.082141414,0.32585883,-0.06873494,0.091620885,0.035716094,0.15159371,0.100111425,0.045324616,0.35616788,0.06386038,-0.09465135,0,-0.2774236,0.14856774,-0.112458855,-0.23445387,-0.27397025,0.06580365,0.1672356,-0.16976164,0.079172805,-0.047761828,0.33596843,-0.048080243,-0.027913474,-0.16102272,0.13129166,-0.10542745,-0.1805636,-0.0441588,-0.16542152,-0.0033979006,-0.050255474,0.18925162,0.2223539,-0.057535853,-0.04065921,-0.013896458,-0.11848514,-0.29836693,0.34184444,0.40444705,0.01042071,-0.1598439,0.12488122,-0.33914563,0.018354142,0.029890593,-0.078480065,-0.20310389,-0.101034954,0.05816713,-0.5830321,-0.011235064,-0.0088255005,-0.21114728,0.017411739,0.09244554,-0.42132622,-0.16933495,0,0,-0.25246328,0.17738673,0.21367565,0.17836961,-0.11914121,-0.004295133,-0.17831664,-0.0013564453,0.40521723,0.11966407,-0.3338925,-0.043117035,-0.011816964,0.023675004,-0.026514458,0.04539927,0,-0.05863665,0.06635553,0.106479414,0.09453456,-0.08077991,-0.11194843,0.17259972,0.14476767
"(113.91943272122889, 22.54585818718256)",-0.13729449,-0.18244931,0.024605995,0,0.2417907,-0.27631062,0.22442967,-0.16845381,0.21736589,0.2844275,0.08341074,-0.099373765,0.015075497,-0.19626865,-0.33135402,0,0.12085362,0.04210636,-0.080809705,0.083718635,-0.22238505,-0.12700306,0.1456185,-0.21730673,-0.28035873,-0.12228366,0.30544668,-0.2697682,-0.026860647,0.2746641,0.035980545,-0.3264429,-0.009100903,0.13940081,0.25998825,-0.24458109,-0.49098855,-0.17836083,0.07918406,-0.04764616,-0.058299214,0.076798834,0.27414048,-0.26136783,0.08867874,-0.07556657,-0.2404616,0.62789243,-0.48361367,-0.28379035,-0.15772994,0.04427844,-0.0523782,-0.34474915,-0.14369555,-0.14354983,-0.107664935,-0.19058612,-0.079208344,-0.049111642,0.2111977,0.32373476,-0.0910117,0.06086254,0,0,-0.13591269,-0.013022052,-0.05016575,-0.027393896,-0.2068784,-0.035058394,0.17575586,0.04577849,0.106189236,-0.050742492,-0.6040569,-0.2670482,-0.048022136,-0.08867583,-0.08013054,-0.12786108,0,0.122466,0.21935174,-0.015519112,0.026689736,-0.44259894,-0.22125012,-0.10092636,0.15301794
"(114.08051194846888, 22.53316040238564)",0.020671617,-0.06312886,0.0033914805,0,0.19690384,0.13373427,-0.011922225,-0.26817846,0.26829907,-0.07772999,0.09168486,0.010466186,0.23966756,-0.06466498,0.119425915,0,-0.225056,-0.21216114,0.14392695,-0.26465806,0.08081638,0.14972854,0.5413141,0.00819831,-0.09265427,0.19182143,0.33716995,-0.37613648,0.01763285,-0.13975607,0.02655124,-0.21440347,-0.011385389,0.55309427,-0.19572473,0.020284686,-0.065759346,-0.08092739,-0.05005961,-0.025319751,-0.03809928,0.33331046,-0.041053023,-0.2723408,0.37341592,-0.14742488,-0.27003896,0.2355739,0.057996217,0.13957909,-0.22048597,-0.15688592,-0.13446948,-0.060129702,-0.20345023,-0.18350899,-0.121871255,0.519612,0.132461,0.0083882725,0.1155929,0.058398202,-0.14816473,0.029698998,0,0,-0.11065801,0.07240012,-0.052515753,0.18008879,-0.29314992,-0.04272467,0.19547586,-0.033795707,0.10403019,0.19595106,-0.2925023,-0.33615214,-0.110691115,0.21289913,0.012675779,-0.12190334,0,-0.27127695,0.124662295,0.25479302,-0.061173663,0.016537614,-0.36640632,-0.09641371,0.17866307
"(114.12305939681768, 22.547141131075225)",0.03182735,0.14410374,0.1741093,0,0.06320591,0.11370325,-0.09400895,-0.008596279,0.22428447,0.092792,0.06586088,0.04785716,0.18750343,-0.04739687,-0.064653866,0,-0.13042504,0.011132173,0.0032382458,-0.24592394,-0.15787455,0.11033578,0.3518,-0.09634198,-0.061036553,0.1945607,0.40308064,-0.21215624,0.07784767,-0.075189784,0.1549041,-0.12967585,-0.057703733,0.18657725,-0.18409464,-0.1235103,-0.33469564,-0.004466787,0.054732107,-0.056364086,0.001999326,0.15081808,0.11662674,-0.32081395,0.23235214,0.20826596,-0.24192646,0.2392172,0.20381548,-0.036155585,-0.12603666,0.024892326,0.027275726,-0.26482493,-0.1983416,-0.1492542,-0.23680562,0.1515618,0.017270137,0.044245712,0.1285746,0.17158286,-0.18797503,-0.020272464,0,0,-0.29635316,0.06145049,-0.06243313,0.17356138,-0.2742088,-0.036010273,0.05561858,0.18912932,0.14162758,0.10301824,-0.50380003,-0.29276022,0.13240682,0.06932278,0.09443429,-0.19072616,0,-0.0053852126,0.19410585,0.20753467,0.12989284,-0.0076377466,-0.40133107,-0.043995634,0.11534445
"(114.14517823399432, 22.616764652588543)",0.2387506,0.27283806,0.36114764,0,-0.023768637,0.31354058,-0.15518157,0.05689823,0.30023536,-0.08241587,0.18057013,0.13174583,0.3532361,-0.044466667,-0.005951196,0,-0.29195437,-0.016482122,-0.18577601,-0.4212447,-0.16836101,0.17330621,0.33073762,-0.1299494,0.15070495,0.2659175,0.5398183,-0.01203987,0.06361319,-0.25422895,0.19291773,-0.16960092,-0.21571556,0.15446308,-0.36787724,-0.04194222,-0.20042995,0.3546089,0.017325632,0.06478296,0.09925889,-0.12627658,0.17350101,-0.38432118,0.35289854,0.30828488,0.003638789,0.092625484,0.3866549,-0.08514248,-0.21351804,0.017497133,0.021335766,-0.34039864,-0.02055988,-0.18545502,-0.4055974,0.40740922,0.04498958,0.043427326,0.23900928,0.18395253,-0.2469217,-0.1904437,0,0,-0.25178367,0.042306453,-0.18884644,0.05350788,-0.21114415,-0.10815367,0.07714771,0.42046782,0.15551016,0.11006715,-0.3955226,-0.35661563,0.306292,0.13874908,0.023408813,-0.14170921,0,0.0020949915,0.06429829,0.2864837,0.20179462,0.13902947,-0.40685543,0.04324597,0.2661004
"(114.1837141008218, 22.66024665154704)",0,0,0,0,0,0,0,0,0,0,0,0,0,0,0,0,0,0,0,0,0,0,0,0,0,0,0,0,0,0,0,0,0,0,0,0,0,0,0,0,0,0,0,0,0,0,0,0,0,0,0,0,0,0,0,0,0,0,0,0,0,0,0,0,0,0,0,0,0,0,0,0,0,0,0,0,0,0,0,0,0,0,0,0,0,0,0,0,0,0,0
