[
    {
        "date": 20230302,
        "travel_chain": [
            [
                113.81492614746094,
                22.747879028320312
            ]
        ],
        "id_chain": [
            96
        ],
        "fnid_chain": [
            48221
        ]
    },
    {
        "date": 20230304,
        "travel_chain": [
            [
                113.84239196777344,
                22.738265991210938
            ],
            [
                113.85475158691406,
                22.581710815429688
            ],
            [
                113.82316589355467,
                22.747879028320312
            ]
        ],
        "id_chain": [
            100,
            38,
            40
        ],
        "fnid_chain": [
            46805,
            21463,
            48225
        ]
    },
    {
        "date": 20230305,
        "travel_chain": [
            [
                113.82838439941406,
                22.703933715820312
            ],
            [
                113.82838439941406,
                22.703933715820312
            ],
            [
                113.82838439941406,
                22.703933715820312
            ],
            [
                113.83552551269533,
                22.730026245117188
            ],
            [
                113.8066864013672,
                22.760238647460938
            ]
        ],
        "id_chain": [
            10,
            10,
            10,
            68,
            109
        ],
        "fnid_chain": [
            41087,
            41087,
            41087,
            45374,
            50360
        ]
    },
    {
        "date": 20230306,
        "travel_chain": [
            [
                113.80247469940876,
                22.713576866864244
            ]
        ],
        "id_chain": [
            1
        ],
        "fnid_chain": [
            42861
        ]
    },
    {
        "date": 20230307,
        "travel_chain": [
            [
                113.81080627441406,
                22.73277282714844
            ]
        ],
        "id_chain": [
            13
        ],
        "fnid_chain": [
            45721
        ]
    },
    {
        "date": 20230311,
        "travel_chain": [
            [
                113.80247469940876,
                22.713576866864244
            ],
            [
                113.79020690917967,
                22.736892700195312
            ],
            [
                113.7957000732422,
                22.734146118164062
            ],
            [
                113.8213348388672,
                22.73643493652344
            ]
        ],
        "id_chain": [
            1,
            106,
            107,
            42
        ],
        "fnid_chain": [
            42861,
            46426,
            46072,
            46439
        ]
    },
    {
        "date": 20230319,
        "travel_chain": [
            [
                113.8213348388672,
                22.73643493652344
            ],
            [
                113.82591247558594,
                22.773971557617188
            ]
        ],
        "id_chain": [
            42,
            3
        ],
        "fnid_chain": [
            46439,
            52510
        ]
    },
    {
        "date": 20230321,
        "travel_chain": [
            [
                113.83895874023438,
                22.73345947265625
            ],
            [
                113.80247469940876,
                22.713576866864244
            ]
        ],
        "id_chain": [
            4,
            1
        ],
        "fnid_chain": [
            46089,
            42861
        ]
    },
    {
        "date": 20230322,
        "travel_chain": [
            [
                113.80247469940876,
                22.713576866864244
            ]
        ],
        "id_chain": [
            1
        ],
        "fnid_chain": [
            42861
        ]
    },
    {
        "date": 20230324,
        "travel_chain": [
            [
                113.80247469940876,
                22.713576866864244
            ]
        ],
        "id_chain": [
            1
        ],
        "fnid_chain": [
            42861
        ]
    },
    {
        "date": 20230326,
        "travel_chain": [
            [
                113.82316589355467,
                22.730026245117188
            ]
        ],
        "id_chain": [
            49
        ],
        "fnid_chain": [
            45369
        ]
    },
    {
        "date": 20230329,
        "travel_chain": [
            [
                113.82838439941406,
                22.703933715820312
            ],
            [
                113.80247469940876,
                22.713576866864244
            ],
            [
                113.8213348388672,
                22.73643493652344
            ]
        ],
        "id_chain": [
            10,
            1,
            42
        ],
        "fnid_chain": [
            41087,
            42861,
            46439
        ]
    },
    {
        "date": 20230330,
        "travel_chain": [
            [
                113.81629943847656,
                22.75337219238281
            ],
            [
                113.80247469940876,
                22.713576866864244
            ]
        ],
        "id_chain": [
            93,
            1
        ],
        "fnid_chain": [
            49293,
            42861
        ]
    },
    {
        "date": 20230331,
        "travel_chain": [
            [
                113.81355285644533,
                22.712173461914062
            ],
            [
                113.80247469940876,
                22.713576866864244
            ],
            [
                113.83895874023438,
                22.73345947265625
            ]
        ],
        "id_chain": [
            95,
            1,
            4
        ],
        "fnid_chain": [
            42509,
            42861,
            46089
        ]
    },
    {
        "date": 20230401,
        "travel_chain": [
            [
                113.89183044433594,
                22.558364868164062
            ],
            [
                113.8849639892578,
                22.55287170410156
            ],
            [
                113.82591247558594,
                22.736892700195312
            ]
        ],
        "id_chain": [
            56,
            64,
            54
        ],
        "fnid_chain": [
            17908,
            16834,
            46441
        ]
    },
    {
        "date": 20230402,
        "travel_chain": [
            [
                113.82041931152344,
                22.754058837890625
            ],
            [
                113.8066864013672,
                22.734146118164062
            ],
            [
                113.81011962890624,
                22.741012573242188
            ],
            [
                113.81011962890624,
                22.741012573242188
            ]
        ],
        "id_chain": [
            62,
            33,
            58,
            58
        ],
        "fnid_chain": [
            49295,
            46076,
            47148,
            47148
        ]
    },
    {
        "date": 20230405,
        "travel_chain": [
            [
                113.82041931152344,
                22.76573181152344
            ]
        ],
        "id_chain": [
            112
        ],
        "fnid_chain": [
            51080
        ]
    },
    {
        "date": 20230406,
        "travel_chain": [
            [
                113.82041931152344,
                22.76573181152344
            ]
        ],
        "id_chain": [
            112
        ],
        "fnid_chain": [
            51080
        ]
    },
    {
        "date": 20230407,
        "travel_chain": [
            [
                113.82041931152344,
                22.76573181152344
            ]
        ],
        "id_chain": [
            112
        ],
        "fnid_chain": [
            51080
        ]
    },
    {
        "date": 20230408,
        "travel_chain": [
            [
                113.82041931152344,
                22.76573181152344
            ]
        ],
        "id_chain": [
            112
        ],
        "fnid_chain": [
            51080
        ]
    },
    {
        "date": 20230409,
        "travel_chain": [
            [
                113.82041931152344,
                22.76573181152344
            ],
            [
                114.17610168457033,
                22.580337524414062
            ],
            [
                114.09095764160156,
                22.539138793945312
            ]
        ],
        "id_chain": [
            112,
            92,
            59
        ],
        "fnid_chain": [
            51080,
            21237,
            14777
        ]
    },
    {
        "date": 20230410,
        "travel_chain": [
            [
                113.80526528767108,
                22.713546752929688
            ]
        ],
        "id_chain": [
            102
        ],
        "fnid_chain": [
            42862
        ]
    },
    {
        "date": 20230414,
        "travel_chain": [
            [
                113.80526528767108,
                22.713546752929688
            ]
        ],
        "id_chain": [
            102
        ],
        "fnid_chain": [
            42862
        ]
    },
    {
        "date": 20230415,
        "travel_chain": [
            [
                113.83140563964844,
                22.78633117675781
            ]
        ],
        "id_chain": [
            85
        ],
        "fnid_chain": [
            54297
        ]
    },
    {
        "date": 20230418,
        "travel_chain": [
            [
                113.80526528767108,
                22.713546752929688
            ]
        ],
        "id_chain": [
            102
        ],
        "fnid_chain": [
            42862
        ]
    },
    {
        "date": 20230423,
        "travel_chain": [
            [
                113.81080627441406,
                22.70668029785156
            ],
            [
                113.91380310058594,
                22.507553100585938
            ],
            [
                113.88771057128906,
                22.488327026367188
            ],
            [
                113.90968322753906,
                22.48970031738281
            ],
            [
                113.82041931152344,
                22.754058837890625
            ]
        ],
        "id_chain": [
            122,
            14,
            22,
            20,
            62
        ],
        "fnid_chain": [
            41794,
            9706,
            6482,
            6848,
            49295
        ]
    },
    {
        "date": 20230424,
        "travel_chain": [
            [
                113.82591247558594,
                22.745132446289062
            ],
            [
                113.80526528767108,
                22.713546752929688
            ],
            [
                113.83621215820312,
                22.73345947265625
            ]
        ],
        "id_chain": [
            47,
            102,
            118
        ],
        "fnid_chain": [
            47869,
            42862,
            46088
        ]
    },
    {
        "date": 20230426,
        "travel_chain": [
            [
                113.80526528767108,
                22.713546752929688
            ]
        ],
        "id_chain": [
            102
        ],
        "fnid_chain": [
            42862
        ]
    },
    {
        "date": 20230501,
        "travel_chain": [
            [
                113.8286590576172,
                22.757492065429688
            ]
        ],
        "id_chain": [
            82
        ],
        "fnid_chain": [
            49655
        ]
    },
    {
        "date": 20230506,
        "travel_chain": [
            [
                113.81355285644533,
                22.714920043945312
            ],
            [
                113.8235092163086,
                22.741012573242188
            ],
            [
                113.81721496582033,
                22.755203247070312
            ]
        ],
        "id_chain": [
            86,
            53,
            101
        ],
        "fnid_chain": [
            42866,
            47154,
            49293
        ]
    },
    {
        "date": 20230507,
        "travel_chain": [
            [
                113.81721496582033,
                22.755203247070312
            ]
        ],
        "id_chain": [
            101
        ],
        "fnid_chain": [
            49293
        ]
    },
    {
        "date": 20230508,
        "travel_chain": [
            [
                113.8043221022974,
                22.713546752929688
            ]
        ],
        "id_chain": [
            80
        ],
        "fnid_chain": [
            42862
        ]
    },
    {
        "date": 20230509,
        "travel_chain": [
            [
                113.8043221022974,
                22.713546752929688
            ],
            [
                113.83689880371094,
                22.736549377441406
            ]
        ],
        "id_chain": [
            80,
            117
        ],
        "fnid_chain": [
            42862,
            46445
        ]
    },
    {
        "date": 20230511,
        "travel_chain": [
            [
                113.8043221022974,
                22.713546752929688
            ],
            [
                113.83827209472656,
                22.73277282714844
            ]
        ],
        "id_chain": [
            80,
            46
        ],
        "fnid_chain": [
            42862,
            45732
        ]
    },
    {
        "date": 20230513,
        "travel_chain": [
            [
                113.7957000732422,
                22.734146118164062
            ]
        ],
        "id_chain": [
            107
        ],
        "fnid_chain": [
            46072
        ]
    },
    {
        "date": 20230514,
        "travel_chain": [
            [
                113.80119323730467,
                22.74993896484375
            ],
            [
                113.8080596923828,
                22.741012573242188
            ],
            [
                113.83689880371094,
                22.736549377441406
            ]
        ],
        "id_chain": [
            26,
            16,
            117
        ],
        "fnid_chain": [
            48573,
            47148,
            46445
        ]
    },
    {
        "date": 20230515,
        "travel_chain": [
            [
                113.8043221022974,
                22.713546752929688
            ],
            [
                113.81721496582033,
                22.755203247070312
            ]
        ],
        "id_chain": [
            80,
            101
        ],
        "fnid_chain": [
            42862,
            49293
        ]
    },
    {
        "date": 20230517,
        "travel_chain": [
            [
                113.8043221022974,
                22.713546752929688
            ]
        ],
        "id_chain": [
            80
        ],
        "fnid_chain": [
            42862
        ]
    },
    {
        "date": 20230518,
        "travel_chain": [
            [
                113.8043221022974,
                22.713546752929688
            ],
            [
                113.83827209472656,
                22.73277282714844
            ]
        ],
        "id_chain": [
            80,
            46
        ],
        "fnid_chain": [
            42862,
            45732
        ]
    },
    {
        "date": 20230519,
        "travel_chain": [
            [
                113.83552551269533,
                22.725906372070312
            ],
            [
                113.8043221022974,
                22.713546752929688
            ],
            [
                113.83689880371094,
                22.736549377441406
            ]
        ],
        "id_chain": [
            11,
            80,
            117
        ],
        "fnid_chain": [
            44660,
            42862,
            46445
        ]
    },
    {
        "date": 20230520,
        "travel_chain": [
            [
                113.83827209472656,
                22.73277282714844
            ],
            [
                113.8043221022974,
                22.713546752929688
            ],
            [
                113.8235092163086,
                22.741012573242188
            ],
            [
                113.8286590576172,
                22.723159790039062
            ]
        ],
        "id_chain": [
            46,
            80,
            53,
            7
        ],
        "fnid_chain": [
            45732,
            42862,
            47154,
            44300
        ]
    },
    {
        "date": 20230521,
        "travel_chain": [
            [
                113.8235092163086,
                22.741012573242188
            ],
            [
                113.83827209472656,
                22.735519409179688
            ],
            [
                113.7751007080078,
                22.735519409179688
            ],
            [
                113.80119323730467,
                22.74993896484375
            ],
            [
                113.83689880371094,
                22.736549377441406
            ]
        ],
        "id_chain": [
            53,
            5,
            39,
            26,
            117
        ],
        "fnid_chain": [
            47154,
            46446,
            46420,
            48573,
            46445
        ]
    },
    {
        "date": 20230522,
        "travel_chain": [
            [
                113.8235092163086,
                22.741012573242188
            ],
            [
                113.81217956542967,
                22.72178649902344
            ]
        ],
        "id_chain": [
            53,
            114
        ],
        "fnid_chain": [
            47154,
            43936
        ]
    },
    {
        "date": 20230529,
        "travel_chain": [
            [
                113.8043221022974,
                22.713546752929688
            ]
        ],
        "id_chain": [
            80
        ],
        "fnid_chain": [
            42862
        ]
    },
    {
        "date": 20230604,
        "travel_chain": [
            [
                113.93028259277344,
                22.532272338867188
            ]
        ],
        "id_chain": [
            76
        ],
        "fnid_chain": [
            13640
        ]
    },
    {
        "date": 20230606,
        "travel_chain": [
            [
                113.80531311035156,
                22.713546752929688
            ]
        ],
        "id_chain": [
            43
        ],
        "fnid_chain": [
            42863
        ]
    },
    {
        "date": 20230608,
        "travel_chain": [
            [
                113.80531311035156,
                22.713546752929688
            ]
        ],
        "id_chain": [
            43
        ],
        "fnid_chain": [
            42863
        ]
    },
    {
        "date": 20230610,
        "travel_chain": [
            [
                113.81217956542967,
                22.730026245117188
            ],
            [
                113.82316589355467,
                22.75337219238281
            ]
        ],
        "id_chain": [
            110,
            6
        ],
        "fnid_chain": [
            45364,
            49296
        ]
    },
    {
        "date": 20230611,
        "travel_chain": [
            [
                113.81080627441406,
                22.74238586425781
            ]
        ],
        "id_chain": [
            90
        ],
        "fnid_chain": [
            47506
        ]
    },
    {
        "date": 20230618,
        "travel_chain": [
            [
                113.8396453857422,
                22.746505737304688
            ]
        ],
        "id_chain": [
            55
        ],
        "fnid_chain": [
            47875
        ]
    },
    {
        "date": 20230620,
        "travel_chain": [
            [
                113.81355285644533,
                22.741012573242188
            ]
        ],
        "id_chain": [
            71
        ],
        "fnid_chain": [
            47150
        ]
    },
    {
        "date": 20230621,
        "travel_chain": [
            [
                113.80531311035156,
                22.713546752929688
            ]
        ],
        "id_chain": [
            43
        ],
        "fnid_chain": [
            42863
        ]
    },
    {
        "date": 20230622,
        "travel_chain": [
            [
                113.83689880371094,
                22.738265991210938
            ]
        ],
        "id_chain": [
            119
        ],
        "fnid_chain": [
            46802
        ]
    },
    {
        "date": 20230626,
        "travel_chain": [
            [
                113.80531311035156,
                22.713546752929688
            ]
        ],
        "id_chain": [
            43
        ],
        "fnid_chain": [
            42863
        ]
    },
    {
        "date": 20230701,
        "travel_chain": [
            [
                113.8190460205078,
                22.75474548339844
            ]
        ],
        "id_chain": [
            70
        ],
        "fnid_chain": [
            49294
        ]
    },
    {
        "date": 20230702,
        "travel_chain": [
            [
                113.82179260253906,
                22.745132446289062
            ]
        ],
        "id_chain": [
            77
        ],
        "fnid_chain": [
            47867
        ]
    },
    {
        "date": 20230709,
        "travel_chain": [
            [
                113.9055633544922,
                22.694320678710938
            ],
            [
                113.9495086669922,
                22.72865295410156
            ],
            [
                113.8190460205078,
                22.75474548339844
            ]
        ],
        "id_chain": [
            50,
            67,
            70
        ],
        "fnid_chain": [
            39691,
            45064,
            49294
        ]
    },
    {
        "date": 20230710,
        "travel_chain": [
            [
                113.81629943847656,
                22.724533081054688
            ]
        ],
        "id_chain": [
            21
        ],
        "fnid_chain": [
            44652
        ]
    },
    {
        "date": 20230713,
        "travel_chain": [
            [
                113.8190460205078,
                22.75474548339844
            ]
        ],
        "id_chain": [
            70
        ],
        "fnid_chain": [
            49294
        ]
    },
    {
        "date": 20230715,
        "travel_chain": [
            [
                113.88221740722656,
                22.547378540039062
            ],
            [
                113.82522583007812,
                22.735519409179688
            ]
        ],
        "id_chain": [
            24,
            63
        ],
        "fnid_chain": [
            16119,
            46441
        ]
    },
    {
        "date": 20230716,
        "travel_chain": [
            [
                113.8190460205078,
                22.767105102539062
            ],
            [
                113.81629943847656,
                22.719039916992188
            ],
            [
                113.81355285644533,
                22.733230590820312
            ]
        ],
        "id_chain": [
            27,
            8,
            34
        ],
        "fnid_chain": [
            51436,
            43581,
            45722
        ]
    },
    {
        "date": 20230717,
        "travel_chain": [
            [
                113.8190460205078,
                22.738265991210938
            ]
        ],
        "id_chain": [
            15
        ],
        "fnid_chain": [
            46795
        ]
    },
    {
        "date": 20230721,
        "travel_chain": [
            [
                113.81355285644533,
                22.733230590820312
            ]
        ],
        "id_chain": [
            34
        ],
        "fnid_chain": [
            45722
        ]
    },
    {
        "date": 20230723,
        "travel_chain": [
            [
                113.81355285644533,
                22.733230590820312
            ],
            [
                113.8190460205078,
                22.75474548339844
            ]
        ],
        "id_chain": [
            34,
            70
        ],
        "fnid_chain": [
            45722,
            49294
        ]
    },
    {
        "date": 20230729,
        "travel_chain": [
            [
                113.82316589355467,
                22.716293334960938
            ]
        ],
        "id_chain": [
            35
        ],
        "fnid_chain": [
            43227
        ]
    },
    {
        "date": 20230730,
        "travel_chain": [
            [
                113.82522583007812,
                22.735519409179688
            ]
        ],
        "id_chain": [
            63
        ],
        "fnid_chain": [
            46441
        ]
    },
    {
        "date": 20230731,
        "travel_chain": [
            [
                113.8300323486328,
                22.735519409179688
            ]
        ],
        "id_chain": [
            105
        ],
        "fnid_chain": [
            46443
        ]
    },
    {
        "date": 20230803,
        "travel_chain": [
            [
                113.81584167480467,
                22.627487182617188
            ],
            [
                113.80119323730467,
                22.713546752929688
            ],
            [
                113.81973266601562,
                22.73345947265625
            ]
        ],
        "id_chain": [
            99,
            18,
            104
        ],
        "fnid_chain": [
            28944,
            42861,
            46081
        ]
    },
    {
        "date": 20230804,
        "travel_chain": [
            [
                113.80531311035156,
                22.713546752929688
            ]
        ],
        "id_chain": [
            43
        ],
        "fnid_chain": [
            42863
        ]
    },
    {
        "date": 20230807,
        "travel_chain": [
            [
                113.81584167480467,
                22.627487182617188
            ]
        ],
        "id_chain": [
            99
        ],
        "fnid_chain": [
            28944
        ]
    },
    {
        "date": 20230815,
        "travel_chain": [
            [
                113.80119323730467,
                22.713546752929688
            ]
        ],
        "id_chain": [
            18
        ],
        "fnid_chain": [
            42861
        ]
    },
    {
        "date": 20230816,
        "travel_chain": [
            [
                113.80531311035156,
                22.713546752929688
            ],
            [
                113.8238525390625,
                22.73963928222656
            ]
        ],
        "id_chain": [
            43,
            72
        ],
        "fnid_chain": [
            42863,
            46797
        ]
    },
    {
        "date": 20230818,
        "travel_chain": [
            [
                113.80531311035156,
                22.713546752929688
            ]
        ],
        "id_chain": [
            43
        ],
        "fnid_chain": [
            42863
        ]
    },
    {
        "date": 20230820,
        "travel_chain": [
            [
                113.81584167480467,
                22.627487182617188
            ],
            [
                113.81973266601562,
                22.73345947265625
            ]
        ],
        "id_chain": [
            99,
            104
        ],
        "fnid_chain": [
            28944,
            46081
        ]
    },
    {
        "date": 20230825,
        "travel_chain": [
            [
                113.8238525390625,
                22.73963928222656
            ]
        ],
        "id_chain": [
            72
        ],
        "fnid_chain": [
            46797
        ]
    },
    {
        "date": 20230826,
        "travel_chain": [
            [
                113.80119323730467,
                22.713546752929688
            ]
        ],
        "id_chain": [
            18
        ],
        "fnid_chain": [
            42861
        ]
    },
    {
        "date": 20230827,
        "travel_chain": [
            [
                113.8140106201172,
                22.729568481445312
            ],
            [
                113.8140106201172,
                22.729568481445312
            ]
        ],
        "id_chain": [
            45,
            45
        ],
        "fnid_chain": [
            45365,
            45365
        ]
    },
    {
        "date": 20230828,
        "travel_chain": [
            [
                113.8140106201172,
                22.729568481445312
            ]
        ],
        "id_chain": [
            45
        ],
        "fnid_chain": [
            45365
        ]
    },
    {
        "date": 20230829,
        "travel_chain": [
            [
                113.8140106201172,
                22.729568481445312
            ]
        ],
        "id_chain": [
            45
        ],
        "fnid_chain": [
            45365
        ]
    },
    {
        "date": 20230830,
        "travel_chain": [
            [
                113.81629943847656,
                22.75337219238281
            ]
        ],
        "id_chain": [
            93
        ],
        "fnid_chain": [
            49293
        ]
    },
    {
        "date": 20230901,
        "travel_chain": [
            [
                113.83552551269533,
                22.725906372070312
            ],
            [
                113.83689880371094,
                22.73895263671875
            ]
        ],
        "id_chain": [
            11,
            121
        ],
        "fnid_chain": [
            44660,
            46802
        ]
    },
    {
        "date": 20230902,
        "travel_chain": [
            [
                114.00718688964844,
                22.547378540039062
            ],
            [
                113.82179260253906,
                22.73895263671875
            ]
        ],
        "id_chain": [
            88,
            108
        ],
        "fnid_chain": [
            16170,
            46796
        ]
    },
    {
        "date": 20230903,
        "travel_chain": [
            [
                113.82179260253906,
                22.751998901367188
            ],
            [
                113.82041931152344,
                22.730026245117188
            ]
        ],
        "id_chain": [
            52,
            36
        ],
        "fnid_chain": [
            48938,
            45368
        ]
    },
    {
        "date": 20230904,
        "travel_chain": [
            [
                113.8176727294922,
                22.75337219238281
            ]
        ],
        "id_chain": [
            29
        ],
        "fnid_chain": [
            49294
        ]
    },
    {
        "date": 20230906,
        "travel_chain": [
            [
                113.7970733642578,
                22.66548156738281
            ],
            [
                113.80256652832033,
                22.638015747070312
            ]
        ],
        "id_chain": [
            69,
            2
        ],
        "fnid_chain": [
            35005,
            30723
        ]
    },
    {
        "date": 20230911,
        "travel_chain": [
            [
                113.81217956542967,
                22.627029418945312
            ]
        ],
        "id_chain": [
            25
        ],
        "fnid_chain": [
            28942
        ]
    },
    {
        "date": 20230917,
        "travel_chain": [
            [
                113.80119323730467,
                22.749252319335938
            ],
            [
                113.81217956542967,
                22.73963928222656
            ],
            [
                113.8066864013672,
                22.746505737304688
            ],
            [
                113.82179260253906,
                22.73895263671875
            ]
        ],
        "id_chain": [
            9,
            113,
            111,
            108
        ],
        "fnid_chain": [
            48573,
            46792,
            47861,
            46796
        ]
    },
    {
        "date": 20230919,
        "travel_chain": [
            [
                113.80531311035156,
                22.713546752929688
            ]
        ],
        "id_chain": [
            43
        ],
        "fnid_chain": [
            42863
        ]
    },
    {
        "date": 20230922,
        "travel_chain": [
            [
                113.82179260253906,
                22.751998901367188
            ]
        ],
        "id_chain": [
            52
        ],
        "fnid_chain": [
            48938
        ]
    },
    {
        "date": 20230924,
        "travel_chain": [
            [
                113.8286590576172,
                22.716293334960938
            ],
            [
                113.83689880371094,
                22.73895263671875
            ]
        ],
        "id_chain": [
            28,
            121
        ],
        "fnid_chain": [
            43229,
            46802
        ]
    },
    {
        "date": 20230925,
        "travel_chain": [
            [
                113.80531311035156,
                22.713546752929688
            ]
        ],
        "id_chain": [
            43
        ],
        "fnid_chain": [
            42863
        ]
    },
    {
        "date": 20230926,
        "travel_chain": [
            [
                113.80119323730467,
                22.713546752929688
            ]
        ],
        "id_chain": [
            18
        ],
        "fnid_chain": [
            42861
        ]
    },
    {
        "date": 20231003,
        "travel_chain": [
            [
                113.84239196777344,
                22.734146118164062
            ]
        ],
        "id_chain": [
            48
        ],
        "fnid_chain": [
            46091
        ]
    },
    {
        "date": 20231008,
        "travel_chain": [
            [
                113.82453918457033,
                22.739295959472656
            ]
        ],
        "id_chain": [
            37
        ],
        "fnid_chain": [
            46797
        ]
    },
    {
        "date": 20231009,
        "travel_chain": [
            [
                113.81721496582033,
                22.752914428710938
            ]
        ],
        "id_chain": [
            83
        ],
        "fnid_chain": [
            48936
        ]
    },
    {
        "date": 20231010,
        "travel_chain": [
            [
                113.8286590576172,
                22.74238586425781
            ]
        ],
        "id_chain": [
            17
        ],
        "fnid_chain": [
            47513
        ]
    },
    {
        "date": 20231011,
        "travel_chain": [
            [
                113.81721496582033,
                22.752914428710938
            ]
        ],
        "id_chain": [
            83
        ],
        "fnid_chain": [
            48936
        ]
    },
    {
        "date": 20231013,
        "travel_chain": [
            [
                113.81355285644533,
                22.708053588867188
            ],
            [
                113.83140563964844,
                22.738265991210938
            ]
        ],
        "id_chain": [
            79,
            44
        ],
        "fnid_chain": [
            41795,
            46800
        ]
    },
    {
        "date": 20231014,
        "travel_chain": [
            [
                113.80393981933594,
                22.73277282714844
            ],
            [
                113.82316589355467,
                22.746505737304688
            ]
        ],
        "id_chain": [
            60,
            87
        ],
        "fnid_chain": [
            45718,
            47868
        ]
    },
    {
        "date": 20231015,
        "travel_chain": [
            [
                113.82316589355467,
                22.746505737304688
            ],
            [
                113.97697448730467,
                22.540512084960938
            ],
            [
                113.97010803222656,
                22.561111450195312
            ],
            [
                113.98521423339844,
                22.592697143554688
            ],
            [
                114.03465270996094,
                22.56660461425781
            ],
            [
                113.8176727294922,
                22.730026245117188
            ]
        ],
        "id_chain": [
            87,
            19,
            91,
            103,
            74,
            0
        ],
        "fnid_chain": [
            47868,
            15087,
            18297,
            23301,
            19037,
            45367
        ]
    },
    {
        "date": 20231016,
        "travel_chain": [
            [
                113.82453918457033,
                22.75474548339844
            ]
        ],
        "id_chain": [
            120
        ],
        "fnid_chain": [
            49296
        ]
    },
    {
        "date": 20231017,
        "travel_chain": [
            [
                113.82316589355467,
                22.746505737304688
            ]
        ],
        "id_chain": [
            87
        ],
        "fnid_chain": [
            47868
        ]
    },
    {
        "date": 20231018,
        "travel_chain": [
            [
                113.81721496582033,
                22.752914428710938
            ]
        ],
        "id_chain": [
            83
        ],
        "fnid_chain": [
            48936
        ]
    },
    {
        "date": 20231021,
        "travel_chain": [
            [
                113.79844665527344,
                22.727279663085938
            ],
            [
                113.7970733642578,
                22.734146118164062
            ],
            [
                113.81721496582033,
                22.752914428710938
            ]
        ],
        "id_chain": [
            94,
            81,
            83
        ],
        "fnid_chain": [
            45002,
            46072,
            48936
        ]
    },
    {
        "date": 20231022,
        "travel_chain": [
            [
                113.8286590576172,
                22.73963928222656
            ],
            [
                113.82041931152344,
                22.736892700195312
            ],
            [
                113.82453918457033,
                22.739295959472656
            ]
        ],
        "id_chain": [
            31,
            97,
            37
        ],
        "fnid_chain": [
            46799,
            46439,
            46797
        ]
    },
    {
        "date": 20231023,
        "travel_chain": [
            [
                113.82453918457033,
                22.739295959472656
            ]
        ],
        "id_chain": [
            37
        ],
        "fnid_chain": [
            46797
        ]
    },
    {
        "date": 20231028,
        "travel_chain": [
            [
                113.82453918457033,
                22.739295959472656
            ]
        ],
        "id_chain": [
            37
        ],
        "fnid_chain": [
            46797
        ]
    },
    {
        "date": 20231029,
        "travel_chain": [
            [
                113.82316589355467,
                22.746505737304688
            ],
            [
                113.82041931152344,
                22.736892700195312
            ]
        ],
        "id_chain": [
            87,
            97
        ],
        "fnid_chain": [
            47868,
            46439
        ]
    },
    {
        "date": 20231030,
        "travel_chain": [
            [
                113.80531311035156,
                22.713546752929688
            ]
        ],
        "id_chain": [
            43
        ],
        "fnid_chain": [
            42863
        ]
    },
    {
        "date": 20231101,
        "travel_chain": [
            [
                113.8190460205078,
                22.727279663085938
            ],
            [
                113.83827209472656,
                22.734832763671875
            ]
        ],
        "id_chain": [
            115,
            75
        ],
        "fnid_chain": [
            45010,
            46089
        ]
    },
    {
        "date": 20231104,
        "travel_chain": [
            [
                113.81492614746094,
                22.734832763671875
            ]
        ],
        "id_chain": [
            12
        ],
        "fnid_chain": [
            46079
        ]
    },
    {
        "date": 20231105,
        "travel_chain": [
            [
                113.81011962890624,
                22.74169921875
            ]
        ],
        "id_chain": [
            123
        ],
        "fnid_chain": [
            47148
        ]
    },
    {
        "date": 20231106,
        "travel_chain": [
            [
                113.82282043416124,
                22.74598973181317
            ]
        ],
        "id_chain": [
            41
        ],
        "fnid_chain": [
            47868
        ]
    },
    {
        "date": 20231107,
        "travel_chain": [
            [
                113.81492614746094,
                22.734832763671875
            ]
        ],
        "id_chain": [
            12
        ],
        "fnid_chain": [
            46079
        ]
    },
    {
        "date": 20231108,
        "travel_chain": [
            [
                113.82282043416124,
                22.74598973181317
            ]
        ],
        "id_chain": [
            41
        ],
        "fnid_chain": [
            47868
        ]
    },
    {
        "date": 20231111,
        "travel_chain": [
            [
                113.80943298339844,
                22.73277282714844
            ],
            [
                113.82041931152344,
                22.745132446289062
            ]
        ],
        "id_chain": [
            23,
            51
        ],
        "fnid_chain": [
            45720,
            47867
        ]
    },
    {
        "date": 20231112,
        "travel_chain": [
            [
                113.8190460205078,
                22.73963928222656
            ]
        ],
        "id_chain": [
            30
        ],
        "fnid_chain": [
            46795
        ]
    },
    {
        "date": 20231113,
        "travel_chain": [
            [
                113.82282043416124,
                22.74598973181317
            ]
        ],
        "id_chain": [
            41
        ],
        "fnid_chain": [
            47868
        ]
    },
    {
        "date": 20231114,
        "travel_chain": [
            [
                113.82282043416124,
                22.74598973181317
            ]
        ],
        "id_chain": [
            41
        ],
        "fnid_chain": [
            47868
        ]
    },
    {
        "date": 20231115,
        "travel_chain": [
            [
                113.82282043416124,
                22.74598973181317
            ],
            [
                113.8080596923828,
                22.72041320800781
            ]
        ],
        "id_chain": [
            41,
            57
        ],
        "fnid_chain": [
            47868,
            43935
        ]
    },
    {
        "date": 20231116,
        "travel_chain": [
            [
                113.82282043416124,
                22.74598973181317
            ]
        ],
        "id_chain": [
            41
        ],
        "fnid_chain": [
            47868
        ]
    },
    {
        "date": 20231117,
        "travel_chain": [
            [
                113.80531311035156,
                22.71348178304453
            ]
        ],
        "id_chain": [
            66
        ],
        "fnid_chain": [
            42863
        ]
    },
    {
        "date": 20231118,
        "travel_chain": [
            [
                113.82481384277344,
                22.739913940429688
            ]
        ],
        "id_chain": [
            61
        ],
        "fnid_chain": [
            47155
        ]
    },
    {
        "date": 20231119,
        "travel_chain": [
            [
                113.82316589355467,
                22.734146118164062
            ],
            [
                113.80393981933594,
                22.73277282714844
            ]
        ],
        "id_chain": [
            65,
            60
        ],
        "fnid_chain": [
            46083,
            45718
        ]
    },
    {
        "date": 20231123,
        "travel_chain": [
            [
                113.80531311035156,
                22.71348178304453
            ],
            [
                113.83827209472656,
                22.734832763671875
            ]
        ],
        "id_chain": [
            66,
            75
        ],
        "fnid_chain": [
            42863,
            46089
        ]
    },
    {
        "date": 20231124,
        "travel_chain": [
            [
                113.82282043416124,
                22.74598973181317
            ]
        ],
        "id_chain": [
            41
        ],
        "fnid_chain": [
            47868
        ]
    },
    {
        "date": 20231125,
        "travel_chain": [
            [
                113.82481384277344,
                22.739913940429688
            ]
        ],
        "id_chain": [
            61
        ],
        "fnid_chain": [
            47155
        ]
    },
    {
        "date": 20231126,
        "travel_chain": [
            [
                113.82282043416124,
                22.74598973181317
            ]
        ],
        "id_chain": [
            41
        ],
        "fnid_chain": [
            47868
        ]
    },
    {
        "date": 20231127,
        "travel_chain": [
            [
                113.82282043416124,
                22.74598973181317
            ]
        ],
        "id_chain": [
            41
        ],
        "fnid_chain": [
            47868
        ]
    },
    {
        "date": 20231128,
        "travel_chain": [
            [
                113.80531311035156,
                22.71348178304453
            ],
            [
                113.82481384277344,
                22.739913940429688
            ]
        ],
        "id_chain": [
            66,
            61
        ],
        "fnid_chain": [
            42863,
            47155
        ]
    },
    {
        "date": 20231129,
        "travel_chain": [
            [
                113.83277893066406,
                22.736892700195312
            ]
        ],
        "id_chain": [
            32
        ],
        "fnid_chain": [
            46444
        ]
    },
    {
        "date": 20231130,
        "travel_chain": [
            [
                113.82282043416124,
                22.74598973181317
            ]
        ],
        "id_chain": [
            41
        ],
        "fnid_chain": [
            47868
        ]
    },
    {
        "date": 20231201,
        "travel_chain": [
            [
                113.82282043416124,
                22.74598973181317
            ]
        ],
        "id_chain": [
            41
        ],
        "fnid_chain": [
            47868
        ]
    },
    {
        "date": 20231202,
        "travel_chain": [
            [
                113.8080596923828,
                22.712173461914062
            ],
            [
                113.83955725596088,
                22.736396991287325
            ]
        ],
        "id_chain": [
            78,
            84
        ],
        "fnid_chain": [
            42507,
            46447
        ]
    },
    {
        "date": 20231204,
        "travel_chain": [
            [
                113.83955725596088,
                22.736396991287325
            ]
        ],
        "id_chain": [
            84
        ],
        "fnid_chain": [
            46447
        ]
    },
    {
        "date": 20231205,
        "travel_chain": [
            [
                113.8300323486328,
                22.73963928222656
            ]
        ],
        "id_chain": [
            73
        ],
        "fnid_chain": [
            46800
        ]
    },
    {
        "date": 20231206,
        "travel_chain": [
            [
                113.82453918457033,
                22.743683909765007
            ]
        ],
        "id_chain": [
            98
        ],
        "fnid_chain": [
            47511
        ]
    },
    {
        "date": 20231207,
        "travel_chain": [
            [
                113.83955725596088,
                22.736396991287325
            ]
        ],
        "id_chain": [
            84
        ],
        "fnid_chain": [
            46447
        ]
    },
    {
        "date": 20231208,
        "travel_chain": [
            [
                113.82453918457033,
                22.743683909765007
            ]
        ],
        "id_chain": [
            98
        ],
        "fnid_chain": [
            47511
        ]
    },
    {
        "date": 20231209,
        "travel_chain": [
            [
                113.82453918457033,
                22.743683909765007
            ],
            [
                113.82453918457033,
                22.743683909765007
            ]
        ],
        "id_chain": [
            98,
            98
        ],
        "fnid_chain": [
            47511,
            47511
        ]
    },
    {
        "date": 20231210,
        "travel_chain": [
            [
                113.82453918457033,
                22.743683909765007
            ],
            [
                113.82453918457033,
                22.743683909765007
            ]
        ],
        "id_chain": [
            98,
            98
        ],
        "fnid_chain": [
            47511,
            47511
        ]
    },
    {
        "date": 20231211,
        "travel_chain": [
            [
                113.82453918457033,
                22.743683909765007
            ]
        ],
        "id_chain": [
            98
        ],
        "fnid_chain": [
            47511
        ]
    },
    {
        "date": 20231212,
        "travel_chain": [
            [
                113.82453918457033,
                22.743683909765007
            ],
            [
                113.82453918457033,
                22.743683909765007
            ]
        ],
        "id_chain": [
            98,
            98
        ],
        "fnid_chain": [
            47511,
            47511
        ]
    },
    {
        "date": 20231213,
        "travel_chain": [
            [
                113.82453918457033,
                22.743683909765007
            ]
        ],
        "id_chain": [
            98
        ],
        "fnid_chain": [
            47511
        ]
    },
    {
        "date": 20231214,
        "travel_chain": [
            [
                113.82453918457033,
                22.743683909765007
            ]
        ],
        "id_chain": [
            98
        ],
        "fnid_chain": [
            47511
        ]
    },
    {
        "date": 20231215,
        "travel_chain": [
            [
                113.82453918457033,
                22.743683909765007
            ]
        ],
        "id_chain": [
            98
        ],
        "fnid_chain": [
            47511
        ]
    },
    {
        "date": 20231216,
        "travel_chain": [
            [
                113.82453918457033,
                22.743683909765007
            ]
        ],
        "id_chain": [
            98
        ],
        "fnid_chain": [
            47511
        ]
    },
    {
        "date": 20231217,
        "travel_chain": [
            [
                113.82110595703124,
                22.73963928222656
            ],
            [
                113.82453918457033,
                22.743683909765007
            ],
            [
                113.82110595703124,
                22.73963928222656
            ]
        ],
        "id_chain": [
            116,
            98,
            116
        ],
        "fnid_chain": [
            46796,
            47511,
            46796
        ]
    },
    {
        "date": 20231218,
        "travel_chain": [
            [
                113.82453918457033,
                22.743683909765007
            ]
        ],
        "id_chain": [
            98
        ],
        "fnid_chain": [
            47511
        ]
    },
    {
        "date": 20231219,
        "travel_chain": [
            [
                113.82453918457033,
                22.743683909765007
            ]
        ],
        "id_chain": [
            98
        ],
        "fnid_chain": [
            47511
        ]
    },
    {
        "date": 20231220,
        "travel_chain": [
            [
                113.82453918457033,
                22.743683909765007
            ]
        ],
        "id_chain": [
            98
        ],
        "fnid_chain": [
            47511
        ]
    },
    {
        "date": 20231221,
        "travel_chain": [
            [
                113.83955725596088,
                22.736396991287325
            ]
        ],
        "id_chain": [
            84
        ],
        "fnid_chain": [
            46447
        ]
    },
    {
        "date": 20231224,
        "travel_chain": [
            [
                113.83415222167967,
                22.736892700195312
            ]
        ],
        "id_chain": [
            89
        ],
        "fnid_chain": [
            46444
        ]
    },
    {
        "date": 20231225,
        "travel_chain": [
            [
                113.83415222167967,
                22.736892700195312
            ],
            [
                113.82453918457033,
                22.743683909765007
            ]
        ],
        "id_chain": [
            89,
            98
        ],
        "fnid_chain": [
            46444,
            47511
        ]
    },
    {
        "date": 20231226,
        "travel_chain": [
            [
                113.82453918457033,
                22.743683909765007
            ],
            [
                113.83955725596088,
                22.736396991287325
            ]
        ],
        "id_chain": [
            98,
            84
        ],
        "fnid_chain": [
            47511,
            46447
        ]
    },
    {
        "date": 20231227,
        "travel_chain": [
            [
                113.83955725596088,
                22.736396991287325
            ]
        ],
        "id_chain": [
            84
        ],
        "fnid_chain": [
            46447
        ]
    },
    {
        "date": 20231228,
        "travel_chain": [
            [
                113.82453918457033,
                22.743683909765007
            ]
        ],
        "id_chain": [
            98
        ],
        "fnid_chain": [
            47511
        ]
    },
    {
        "date": 20231229,
        "travel_chain": [
            [
                113.82453918457033,
                22.743683909765007
            ]
        ],
        "id_chain": [
            98
        ],
        "fnid_chain": [
            47511
        ]
    },
    {
        "date": 20231230,
        "travel_chain": [
            [
                113.83955725596088,
                22.736396991287325
            ]
        ],
        "id_chain": [
            84
        ],
        "fnid_chain": [
            46447
        ]
    }
]